"Product ID","Product Name","Product Main image","Product Details Page Link","Product Price(Unit price)",Commission,"Promotion Link(Valid for 15 days)"
985465,"Fashion Women Stripe Short Sleeve T-shirt Dress",https://imgaz2.staticbg.com/thumb/gallery/oaupload/banggood/images/89/B5/e62d5cad-354a-42cd-97b0-ca408430275c.jpg,https://www.banggood.com/Fashion-Women-Stripe-Short-Sleeve-T-shirt-Dress-reviews-p985465.html,US$20.78,US$0.83,https://www.banggood.com/Fashion-Women-Stripe-Short-Sleeve-T-shirt-Dress-p-985465.html?p=JA280216647382201711&custlinkid=1792719
1022829,"Casual Women Plaid Pocket Cotton Linen Long Sleeve Dress",https://imgaz3.staticbg.com/thumb/gallery/oaupload/banggood/images/ED/6E/29d7a15b-17cf-492e-a3c9-68e62e8c249a.jpg,https://www.banggood.com/Casual-Women-Plaid-Pocket-Cotton-Linen-Long-Sleeve-Dress-reviews-p1022829.html,US$28.86,US$1.15,https://www.banggood.com/Casual-Women-Plaid-Pocket-Cotton-Linen-Long-Sleeve-Dress-p-1022829.html?p=JA280216647382201711&custlinkid=1792618
1136619,"Sexy Casual Women Turn-down Collar Shirt Dress",https://imgaz2.staticbg.com/thumb/gallery/oaupload/banggood/images/DF/1E/f7c4d120-6112-4c3d-81dc-75f9170c2d28.jpg,https://www.banggood.com/Sexy-Casual-Women-Turn-down-Collar-Shirt-Dress-reviews-p1136619.html,US$23.09,US$0.92,https://www.banggood.com/Sexy-Casual-Women-Turn-down-Collar-Shirt-Dress-p-1136619.html?p=JA280216647382201711&custlinkid=1792723
1190386,"Plus Size Women Floral Printed Bohemian Mini Dress",https://imgaz1.staticbg.com/thumb/gallery/oaupload/banggood/images/FC/50/a2cb4fdf-504f-4844-9339-5adcbfae94c2.JPG,https://www.banggood.com/Plus-Size-Women-Floral-Printed-Bohemian-Mini-Dress-reviews-p1190386.html,US$30.02,US$1.2,https://www.banggood.com/Plus-Size-Women-Floral-Printed-Bohemian-Mini-Dress-p-1190386.html?p=JA280216647382201711&custlinkid=1792622
1305849,"Women Vintage V-neck Sleeveless Pleated Denim Dress",https://imgaz1.staticbg.com/thumb/gallery/oaupload/banggood/images/0D/F2/ebd5b3c8-e03e-4c4f-8011-abdeeb6a7149.jpg,https://www.banggood.com/Women-Vintage-V-neck-Sleeveless-Pleated-Denim-Dress-reviews-p1305849.html,US$45.03,US$1.8,https://www.banggood.com/Women-Vintage-V-neck-Sleeveless-Pleated-Denim-Dress-p-1305849.html?p=JA280216647382201711&custlinkid=1792725
1355443,"Plus Size Casual V-neck Long Sleeve Solid Color Loose Kaftan Maxi Dress For Women",https://imgaz2.staticbg.com/thumb/gallery/oaupload/banggood/images/7F/A6/60a85b0e-c942-49b9-b69a-5884adb3c4f5.jpg,https://www.banggood.com/Plus-Size-Casual-V-neck-Long-Sleeve-Solid-Color-Loose-Kaftan-Maxi-Dress-For-Women-reviews-p1355443.html,US$31.17,US$1.25,https://www.banggood.com/Plus-Size-Casual-V-neck-Long-Sleeve-Solid-Color-Loose-Kaftan-Maxi-Dress-For-Women-p-1355443.html?p=JA280216647382201711&custlinkid=1792623
1400670,"S-5XL Casual Spaghetti Straps Solid Color Maxi Women Dress",https://imgaz.staticbg.com/thumb/gallery/oaupload/banggood/images/5B/20/afb5d920-eae3-4230-94a7-5541770e80b1.jpg,https://www.banggood.com/S-5XL-Casual-Spaghetti-Straps-Solid-Color-Maxi-Women-Dress-reviews-p1400670.html,US$32.33,US$1.29,https://www.banggood.com/S-5XL-Casual-Spaghetti-Straps-Solid-Color-Maxi-Women-Dress-p-1400670.html?p=JA280216647382201711&custlinkid=1792624
1585584,"Casual Women Solid Color Turtleneck Sweater Dress",https://imgaz3.staticbg.com/thumb/gallery/oaupload/ser1/banggood/images/99/36/a5919ca1-cd8a-4d01-a428-9cf16df1dda4.jpg,https://www.banggood.com/Casual-Women-Solid-Color-Turtleneck-Sweater-Dress-reviews-p1585584.html,US$37.94,US$1.52,https://www.banggood.com/Casual-Women-Solid-Color-Turtleneck-Long-Sleeve-Sweater-Dress-with-Pockets-p-1585584.html?p=JA280216647382201711&custlinkid=1792743
1646674,"Women Loose Lace Gradient Trumpet Sleeve Irregular Hem Off Shoulder Dress",https://imgaz3.staticbg.com/thumb/gallery/oaupload/banggood/images/84/E8/36f2d303-0674-4ca4-9209-b61b85b0c220.jpg,https://www.banggood.com/Women-Loose-Lace-Gradient-Trumpet-Sleeve-Irregular-Hem-Off-Shoulder-Dress-reviews-p1646674.html,US$32.33,US$1.29,https://www.banggood.com/Women-Loose-Lace-Gradient-Trumpet-Sleeve-Irregular-Hem-Off-Shoulder-Dress-p-1646674.html?p=JA280216647382201711&custlinkid=1792627
1647350,"Plus Size Spring Casual Bandage Long Sleeve Causal Midi Dress",https://imgaz.staticbg.com/thumb/gallery/oaupload/banggood/images/06/01/91c0dc3f-e720-4bb2-8318-e5ba1fb285b4.jpg,https://www.banggood.com/Plus-Size-Spring-Casual-Bandage-Long-Sleeve-Causal-Midi-Dress-reviews-p1647350.html,US$41.57,US$1.66,https://www.banggood.com/Plus-Size-Spring-Casual-Bandage-Long-Sleeve-Causal-Midi-Dress-p-1647350.html?p=JA280216647382201711&custlinkid=1792628
1709701,"Sunflower Print Off Shoulder Side Split Loose Maxi Dress",https://imgaz1.staticbg.com/thumb/gallery/oaupload/banggood/images/8A/AA/85491e30-07eb-47e6-8cc1-f720cdd714b2.jpg,https://www.banggood.com/Sunflower-Print-Off-Shoulder-Side-Split-Loose-Maxi-Dress-reviews-p1709701.html,US$33.48,US$1.34,https://www.banggood.com/Sunflower-Print-Off-Shoulder-Side-Split-Loose-Maxi-Dress-p-1709701.html?p=JA280216647382201711&custlinkid=1792629
1803059,"Plus Size Women Pure Color Lapel Half Sleeve Plain Shirts Maxi Dresses With Pocket",https://imgaz2.staticbg.com/thumb/gallery/oaupload/banggood/images/F3/38/f639f3fd-28f9-4a81-9d00-f2ea7fdc1008.jpg,https://www.banggood.com/Plus-Size-Women-Pure-Color-Lapel-Half-Sleeve-Plain-Shirts-Maxi-Dresses-With-Pocket-reviews-p1803059.html,US$32.33,US$1.29,https://www.banggood.com/Plus-Size-Women-Pure-Color-Lapel-Half-Sleeve-Plain-Shirts-Maxi-Dresses-With-Pocket-p-1803059.html?p=JA280216647382201711&custlinkid=1792630
1804187,"Plus Size Women Print Vintage Half Sleeve Loose Maxi Dresses",https://imgaz2.staticbg.com/thumb/gallery/oaupload/banggood/images/00/94/02801c39-efd5-4200-b117-3159beec87a9.jpg,https://www.banggood.com/Plus-Size-Women-Print-Vintage-Half-Sleeve-Loose-Maxi-Dresses-reviews-p1804187.html,US$32.33,US$1.29,https://www.banggood.com/Plus-Size-Women-Print-Vintage-Half-Sleeve-Loose-Maxi-Dresses-p-1804187.html?p=JA280216647382201711&custlinkid=1792752
1839221,"Women Solid Color Lapel Button Plus Size Pleated Shirts Dress",https://imgaz.staticbg.com/thumb/gallery/oaupload/banggood/images/BD/BB/e00925d2-868e-4a72-828f-4318b0784b9c.jpg,https://www.banggood.com/Women-Solid-Color-Lapel-Button-Plus-Size-Pleated-Shirts-Dress-reviews-p1839221.html,US$31.17,US$1.25,https://www.banggood.com/Women-Solid-Color-Lapel-Button-Plus-Size-Pleated-Shirts-Dress-p-1839221.html?p=JA280216647382201711&custlinkid=1792631
1890003,"Plus Size V-neck Floral Print Belt Design Long Sleeves Dress",https://imgaz2.staticbg.com/thumb/gallery/oaupload/banggood/images/01/AC/41fd400f-d8e0-49f3-b8f9-78d101c6c1f7.jpg,https://www.banggood.com/Plus-Size-V-neck-Floral-Print-Belt-Design-Long-Sleeves-Dress-reviews-p1890003.html,US$27.99,US$1.12,https://www.banggood.com/Plus-Size-V-neck-Floral-Print-Belt-Design-Long-Sleeves-Dress-p-1890003.html?p=JA280216647382201711&custlinkid=1792632
1890045,"Plus Size Floral Print Criss-Cross Pocket Dress",https://imgaz.staticbg.com/thumb/gallery/oaupload/banggood/images/44/1E/f5ff9f3b-5730-46b5-b222-bc40d2174950.jpg,https://www.banggood.com/Plus-Size-Floral-Print-Criss-Cross-Pocket-Dress-reviews-p1890045.html,US$25.99,US$1.04,https://www.banggood.com/Plus-Size-Floral-Print-Criss-Cross-Pocket-Dress-p-1890045.html?p=JA280216647382201711&custlinkid=1792633
1890771,"Plus Size V-neck Floral Print Lettuce-Edge Dress",https://imgaz3.staticbg.com/thumb/gallery/oaupload/banggood/images/A5/EA/766f8be7-fd31-472b-a29b-bf56bbe45d87.jpg,https://www.banggood.com/Plus-Size-V-neck-Floral-Print-Lettuce-Edge-Dress-reviews-p1890771.html,US$29.99,US$1.2,https://www.banggood.com/Plus-Size-V-neck-Floral-Print-Lettuce-Edge-Dress-p-1890771.html?p=JA280216647382201711&custlinkid=1792635
1890776,"YOINS Plus Size Square Neck Floral Print Backless Design Dress",https://imgaz2.staticbg.com/thumb/gallery/oaupload/banggood/images/F3/28/f2402034-c05a-4656-a350-0f7168f78dd7.jpg,https://www.banggood.com/YOINS-Plus-Size-Square-Neck-Floral-Print-Backless-Design-Dress-reviews-p1890776.html,US$29.99,US$1.2,https://www.banggood.com/YOINS-Plus-Size-Square-Neck-Floral-Print-Backless-Design-Dress-p-1890776.html?p=JA280216647382201711&custlinkid=1792636
1891886,"Plus Size Striped Long Sleeves Dress",https://imgaz.staticbg.com/thumb/gallery/oaupload/banggood/images/6A/60/c60ccb17-05a2-4d87-98dc-ebbe98ead67e.jpg,https://www.banggood.com/Plus-Size-Striped-Long-Sleeves-Dress-reviews-p1891886.html,US$32.99,US$1.32,https://www.banggood.com/Plus-Size-Striped-Long-Sleeves-Dress-p-1891886.html?p=JA280216647382201711&custlinkid=1792643
1893052,"Plus Size V-neck Floral Print Long Sleeves Dress",https://imgaz2.staticbg.com/thumb/gallery/oaupload/banggood/images/65/1E/bf7140b7-eed7-4e91-af34-8fb0f4c43c19.jpg,https://www.banggood.com/Plus-Size-V-neck-Floral-Print-Long-Sleeves-Dress-reviews-p1893052.html,US$23.99,US$0.96,https://www.banggood.com/Plus-Size-V-neck-Floral-Print-Long-Sleeves-Dress-p-1893052.html?p=JA280216647382201711&custlinkid=1792761
1893368,"Plus Size Spotted Mesh Patchwork Design Long Sleeves Dress",https://imgaz.staticbg.com/thumb/gallery/oaupload/banggood/images/E0/00/44de692d-ff1c-4f0b-be6b-9e18a1652617.jpg,https://www.banggood.com/Plus-Size-Spotted-Mesh-Patchwork-Design-Long-Sleeves-Dress-reviews-p1893368.html,US$22.99,US$0.92,https://www.banggood.com/Plus-Size-Spotted-Mesh-Patchwork-Design-Long-Sleeves-Dress-p-1893368.html?p=JA280216647382201711&custlinkid=1792764
1894367,"Plus Size Ruffle Trim Belt Design Tie-up Design Dress",https://imgaz1.staticbg.com/thumb/gallery/oaupload/banggood/images/E0/CA/174bcbd8-4635-4cce-b19e-a846c70fa396.jpg,https://www.banggood.com/Plus-Size-Ruffle-Trim-Belt-Design-Tie-up-Design-Dress-reviews-p1894367.html,US$30.99,US$1.24,https://www.banggood.com/Plus-Size-Ruffle-Trim-Belt-Design-Tie-up-Design-Dress-p-1894367.html?p=JA280216647382201711&custlinkid=1792766
1895623,"Plus Size Spotted Belt Design Tie-up Design Midi Dress",https://imgaz1.staticbg.com/thumb/gallery/oaupload/banggood/images/60/44/2af21886-30b4-4c98-ac0a-83a440573519.jpg,https://www.banggood.com/Plus-Size-Spotted-Belt-Design-Tie-up-Design-Midi-Dress-reviews-p1895623.html,US$28.99,US$1.16,https://www.banggood.com/Plus-Size-Spotted-Belt-Design-Tie-up-Design-Midi-Dress-p-1895623.html?p=JA280216647382201711&custlinkid=1792649
1895628,"Plus Size Polka Dot Tie-up Design Lettuce-Edge Dress",https://imgaz3.staticbg.com/thumb/gallery/oaupload/banggood/images/CB/91/ad3f6680-7743-4ca1-aa62-1fd19bc12ed2.jpg,https://www.banggood.com/Plus-Size-Polka-Dot-Tie-up-Design-Lettuce-Edge-Dress-reviews-p1895628.html,US$30.99,US$1.24,https://www.banggood.com/Plus-Size-Polka-Dot-Tie-up-Design-Lettuce-Edge-Dress-p-1895628.html?p=JA280216647382201711&custlinkid=1792650
1896066,"Plus Size V Neck Calico Spotted Lettuce-Edge Dress",https://imgaz1.staticbg.com/thumb/gallery/oaupload/banggood/images/8B/1C/9fceaef4-3bdf-46fb-983d-c6c524ac6d1c.jpg,https://www.banggood.com/Plus-Size-V-Neck-Calico-Spotted-Lettuce-Edge-Dress-reviews-p1896066.html,US$30.99,US$1.24,https://www.banggood.com/Plus-Size-V-Neck-Calico-Spotted-Lettuce-Edge-Dress-p-1896066.html?p=JA280216647382201711&custlinkid=1792651
1896073,"Plus Size Floral Print Belt Design Lace Hem Dress",https://imgaz1.staticbg.com/thumb/gallery/oaupload/banggood/images/A2/99/2cb123c4-4d81-4298-952b-13d4b83e8d7f.jpg,https://www.banggood.com/Plus-Size-Floral-Print-Belt-Design-Lace-Hem-Dress-reviews-p1896073.html,US$37.99,US$1.52,https://www.banggood.com/Plus-Size-Floral-Print-Belt-Design-Lace-Hem-Dress-p-1896073.html?p=JA280216647382201711&custlinkid=1792652
1897356,"Plus Size V-neck Lace Backless Design Dress",https://imgaz.staticbg.com/thumb/gallery/oaupload/banggood/images/01/42/7c707164-3cce-46ed-8025-a4f7602a3a94.jpg,https://www.banggood.com/Plus-Size-V-neck-Lace-Backless-Design-Dress-reviews-p1897356.html,US$35.99,US$1.44,https://www.banggood.com/Plus-Size-V-neck-Lace-Backless-Design-Dress-p-1897356.html?p=JA280216647382201711&custlinkid=1792653
1897381,"Plus Size V Neck Crossed Front Zip Back Fastening Dress",https://imgaz2.staticbg.com/thumb/gallery/oaupload/banggood/images/1D/32/d3dad101-95c7-492c-9177-5fb5187a7a6c.jpg,https://www.banggood.com/Plus-Size-V-Neck-Crossed-Front-Zip-Back-Fastening-Dress-reviews-p1897381.html,US$39.99,US$1.6,https://www.banggood.com/Plus-Size-V-Neck-Crossed-Front-Zip-Back-Fastening-Dress-p-1897381.html?p=JA280216647382201711&custlinkid=1792654
1897382,"Plus Size Belt Design Lace Crossed Front Design Long Sleeves Dress",https://imgaz2.staticbg.com/thumb/gallery/oaupload/banggood/images/E8/1C/0672dd27-2b6a-40ce-8176-2a5f1714c927.jpg,https://www.banggood.com/Plus-Size-Belt-Design-Lace-Crossed-Front-Design-Long-Sleeves-Dress-reviews-p1897382.html,US$48.99,US$1.96,https://www.banggood.com/Plus-Size-Belt-Design-Lace-Crossed-Front-Design-Long-Sleeves-Dress-p-1897382.html?p=JA280216647382201711&custlinkid=1792655
1897877,"Plus Size V-neck Polka Dot Belt Design Button Design Dress",https://imgaz2.staticbg.com/thumb/gallery/oaupload/banggood/images/B8/A1/d0effe16-cc60-4d4f-b994-662ee6026123.jpg,https://www.banggood.com/Plus-Size-V-neck-Polka-Dot-Belt-Design-Button-Design-Dress-reviews-p1897877.html,US$27.99,US$1.12,https://www.banggood.com/Plus-Size-V-neck-Polka-Dot-Belt-Design-Button-Design-Dress-p-1897877.html?p=JA280216647382201711&custlinkid=1792769
1897941,"Plus Size Round Neck Floral Print Long Sleeves Dress",https://imgaz3.staticbg.com/thumb/gallery/oaupload/banggood/images/E1/D9/d5ea03f8-8e14-4864-a259-54eba5d8ee00.jpg,https://www.banggood.com/Plus-Size-Round-Neck-Floral-Print-Long-Sleeves-Dress-reviews-p1897941.html,US$26.99,US$1.08,https://www.banggood.com/Plus-Size-Round-Neck-Floral-Print-Long-Sleeves-Dress-p-1897941.html?p=JA280216647382201711&custlinkid=1792770
1898403,"Plus Size V-neck Polka Dot Shirring Long Sleeves Dress",https://imgaz3.staticbg.com/thumb/gallery/oaupload/banggood/images/E6/E0/ae1731b7-12de-4b40-9621-e14f6eacd54d.jpg,https://www.banggood.com/Plus-Size-V-neck-Polka-Dot-Shirring-Long-Sleeves-Dress-reviews-p1898403.html,US$30.99,US$1.24,https://www.banggood.com/Plus-Size-V-neck-Polka-Dot-Shirring-Long-Sleeves-Dress-p-1898403.html?p=JA280216647382201711&custlinkid=1792771
1898409,"Plus Size V Neck Polka Dot Shirring Long Sleeves Dress",https://imgaz1.staticbg.com/thumb/gallery/oaupload/banggood/images/E4/99/1cb9cbd0-6cf4-4abe-9964-697276e73f2d.jpg,https://www.banggood.com/Plus-Size-V-Neck-Polka-Dot-Shirring-Long-Sleeves-Dress-reviews-p1898409.html,US$34.99,US$1.4,https://www.banggood.com/Plus-Size-V-Neck-Polka-Dot-Shirring-Long-Sleeves-Dress-p-1898409.html?p=JA280216647382201711&custlinkid=1792772
1898474,"Plus Size Cold Shoulder Floral Print Ruffle Trim Dress",https://imgaz3.staticbg.com/thumb/gallery/oaupload/banggood/images/9B/2B/ce46eef6-ceb3-4bf1-a8dd-8466fa225fef.jpg,https://www.banggood.com/Plus-Size-Cold-Shoulder-Floral-Print-Ruffle-Trim-Dress-reviews-p1898474.html,US$23.99,US$0.96,https://www.banggood.com/Plus-Size-Cold-Shoulder-Floral-Print-Ruffle-Trim-Dress-p-1898474.html?p=JA280216647382201711&custlinkid=1792773
1899506,"Plus Size Cold Shoulder Backless Design Spaghetti Dress",https://imgaz.staticbg.com/thumb/gallery/oaupload/banggood/images/76/30/0ba777a2-f28d-484f-85e9-6d74da9cdbcf.jpg,https://www.banggood.com/Plus-Size-Cold-Shoulder-Backless-Design-Spaghetti-Dress-reviews-p1899506.html,US$21.99,US$0.88,https://www.banggood.com/Plus-Size-Cold-Shoulder-Backless-Design-Spaghetti-Dress-p-1899506.html?p=JA280216647382201711&custlinkid=1792774
1900516,"Plus Size Belt Design Crossed Front Design Long Sleeves Dress",https://imgaz.staticbg.com/thumb/gallery/oaupload/banggood/images/53/FE/d24465c7-856f-41bf-a8ba-5f0b9d3f849e.jpeg,https://www.banggood.com/Plus-Size-Belt-Design-Crossed-Front-Design-Long-Sleeves-Dress-reviews-p1900516.html,US$33.99,US$1.36,https://www.banggood.com/Plus-Size-Belt-Design-Crossed-Front-Design-Long-Sleeves-Dress-p-1900516.html?p=JA280216647382201711&custlinkid=1792658
1900522,"Plus Size V Neck Belt Design Lace Tie-up Design Dress",https://imgaz2.staticbg.com/thumb/gallery/oaupload/banggood/images/90/2A/69d8c83c-ea55-495b-8e25-f4d182d2355e.jpg,https://www.banggood.com/Plus-Size-V-Neck-Belt-Design-Lace-Tie-up-Design-Dress-reviews-p1900522.html,US$28.99,US$1.16,https://www.banggood.com/Plus-Size-V-Neck-Belt-Design-Lace-Tie-up-Design-Dress-p-1900522.html?p=JA280216647382201711&custlinkid=1792659
1901928,"Plus Size Hooded Striped Hooded Design Dress",https://imgaz3.staticbg.com/thumb/gallery/oaupload/banggood/images/EE/BA/ea0d2cb8-1bd1-4f8c-9d55-84632f72e2f5.jpg,https://www.banggood.com/Plus-Size-Hooded-Striped-Hooded-Design-Dress-reviews-p1901928.html,US$29.99,US$1.2,https://www.banggood.com/Plus-Size-Hooded-Striped-Hooded-Design-Dress-p-1901928.html?p=JA280216647382201711&custlinkid=1792662
1902166,"Plus Size Polka Dot Backless Design Tie-up Design Patchwork Dress",https://imgaz3.staticbg.com/thumb/gallery/oaupload/banggood/images/DB/59/284ae084-2245-4921-8308-e8e1ae579e43.jpg,https://www.banggood.com/Plus-Size-Polka-Dot-Backless-Design-Tie-up-Design-Patchwork-Dress-reviews-p1902166.html,US$29.99,US$1.2,https://www.banggood.com/Plus-Size-Polka-Dot-Backless-Design-Tie-up-Design-Patchwork-Dress-p-1902166.html?p=JA280216647382201711&custlinkid=1792776
1902375,"Plus Size V-neck Zip Front Long Sleeves Dress",https://imgaz1.staticbg.com/thumb/gallery/oaupload/banggood/images/5B/1E/651cb9f2-4714-43b4-a833-a75976c91ff1.jpg,https://www.banggood.com/Plus-Size-V-neck-Zip-Front-Long-Sleeves-Dress-reviews-p1902375.html,US$27.99,US$1.12,https://www.banggood.com/Plus-Size-V-neck-Zip-Front-Long-Sleeves-Dress-p-1902375.html?p=JA280216647382201711&custlinkid=1801758
1902395,"Plus Size Snakeskin Belt Design Patchwork Design Long Sleeves Dress",https://imgaz.staticbg.com/thumb/gallery/oaupload/banggood/images/C4/48/720d6dce-0a37-4e6e-9239-15d0dec44edf.jpg,https://www.banggood.com/Plus-Size-Snakeskin-Belt-Design-Patchwork-Design-Long-Sleeves-Dress-reviews-p1902395.html,US$37.99,US$1.52,https://www.banggood.com/Plus-Size-Snakeskin-Belt-Design-Patchwork-Design-Long-Sleeves-Dress-p-1902395.html?p=JA280216647382201711&custlinkid=1801759
1902794,"Plus Size Floral Print Belt Design Dress",https://imgaz.staticbg.com/thumb/gallery/oaupload/banggood/images/24/5C/9b88bce1-5612-4185-9702-ea4aa022338a.jpg,https://www.banggood.com/Plus-Size-Floral-Print-Belt-Design-Dress-reviews-p1902794.html,US$23.99,US$0.96,https://www.banggood.com/Plus-Size-Floral-Print-Belt-Design-Dress-p-1902794.html?p=JA280216647382201711&custlinkid=1801760
1902859,"Plus Size Square Neck Backless Design Ruched Long Sleeves Dress",https://imgaz.staticbg.com/thumb/gallery/oaupload/banggood/images/C6/B4/6d0482af-5abe-4d2b-b5bb-e7daceae9d6f.jpg,https://www.banggood.com/Plus-Size-Square-Neck-Backless-Design-Ruched-Long-Sleeves-Dress-reviews-p1902859.html,US$25.99,US$1.04,https://www.banggood.com/Plus-Size-Square-Neck-Backless-Design-Ruched-Long-Sleeves-Dress-p-1902859.html?p=JA280216647382201711&custlinkid=1801761
1903435,"Plus Size Off The Shoulder Zip Front Long Sleeves Dress",https://imgaz.staticbg.com/thumb/gallery/oaupload/banggood/images/3C/D1/0ca12a0d-0a7a-496d-ac21-fa8ad262352d.jpg,https://www.banggood.com/Plus-Size-Off-The-Shoulder-Zip-Front-Long-Sleeves-Dress-reviews-p1903435.html,US$25.99,US$1.04,https://www.banggood.com/Plus-Size-Off-The-Shoulder-Zip-Front-Long-Sleeves-Dress-p-1903435.html?p=JA280216647382201711&custlinkid=1792663
1903437,"YOINS Plus Size Cold Shoulder Drawstring Backless Design Tie-up Design Long Sleeves Dress",https://imgaz1.staticbg.com/thumb/gallery/oaupload/banggood/images/9B/BA/87667640-0165-4a5b-93ba-c279bb1c1c51.jpg,https://www.banggood.com/YOINS-Plus-Size-Cold-Shoulder-Drawstring-Backless-Design-Tie-up-Design-Long-Sleeves-Dress-reviews-p1903437.html,US$25.99,US$1.04,https://www.banggood.com/YOINS-Plus-Size-Cold-Shoulder-Drawstring-Backless-Design-Tie-up-Design-Long-Sleeves-Dress-p-1903437.html?p=JA280216647382201711&custlinkid=1792664
1903438,"Plus Size V-neck Button Design Long Sleeves Dress",https://imgaz3.staticbg.com/thumb/gallery/oaupload/banggood/images/55/C2/02d115e1-7ae6-419f-9f12-b5ec9187a0e1.jpg,https://www.banggood.com/Plus-Size-V-neck-Button-Design-Long-Sleeves-Dress-reviews-p1903438.html,US$26.99,US$1.08,https://www.banggood.com/Plus-Size-V-neck-Button-Design-Long-Sleeves-Dress-p-1903438.html?p=JA280216647382201711&custlinkid=1792665
1903441,"Plus Size V-neck Lace Patchwork Design Long Sleeves Dress",https://imgaz3.staticbg.com/thumb/gallery/oaupload/banggood/images/7D/16/580cac98-dffe-4ac1-80df-5f86a442877e.jpg,https://www.banggood.com/Plus-Size-V-neck-Lace-Patchwork-Design-Long-Sleeves-Dress-reviews-p1903441.html,US$36.99,US$1.48,https://www.banggood.com/Plus-Size-V-neck-Lace-Patchwork-Design-Long-Sleeves-Dress-p-1903441.html?p=JA280216647382201711&custlinkid=1792666
1903443,"Plus Size V Neck Crossed Front Design Patchwork Dress",https://imgaz3.staticbg.com/thumb/gallery/oaupload/banggood/images/42/BF/0073d44a-ea50-41ab-a4c2-fa5b146c9fb6.jpg,https://www.banggood.com/Plus-Size-V-Neck-Crossed-Front-Design-Patchwork-Dress-reviews-p1903443.html,US$25.99,US$1.04,https://www.banggood.com/Plus-Size-V-Neck-Crossed-Front-Design-Patchwork-Dress-p-1903443.html?p=JA280216647382201711&custlinkid=1792667
1903444,"Plus Size Notch Collar Crossed Front Design Dress",https://imgaz1.staticbg.com/thumb/gallery/oaupload/banggood/images/3F/16/494785ea-3985-493c-a451-d631d0a0642e.jpg,https://www.banggood.com/Plus-Size-Notch-Collar-Crossed-Front-Design-Dress-reviews-p1903444.html,US$27.99,US$1.12,https://www.banggood.com/Plus-Size-Notch-Collar-Crossed-Front-Design-Dress-p-1903444.html?p=JA280216647382201711&custlinkid=1792668
1903447,"Plus Size V-neck Belt Design Lace Patchwork Dress",https://imgaz3.staticbg.com/thumb/gallery/oaupload/banggood/images/63/B6/ca731009-efe0-456a-9d3f-edec43b9910e.jpg,https://www.banggood.com/Plus-Size-V-neck-Belt-Design-Lace-Patchwork-Dress-reviews-p1903447.html,US$30.99,US$1.24,https://www.banggood.com/Plus-Size-V-neck-Belt-Design-Lace-Patchwork-Dress-p-1903447.html?p=JA280216647382201711&custlinkid=1792669
1903448,"Plus Size V-neck Belt Design Elastic Waist Long Sleeves Dress",https://imgaz1.staticbg.com/thumb/gallery/oaupload/banggood/images/D6/8D/ccf281e7-b358-4bb7-8af9-5a5d0219b73d.jpg,https://www.banggood.com/Plus-Size-V-neck-Belt-Design-Elastic-Waist-Long-Sleeves-Dress-reviews-p1903448.html,US$32.99,US$1.32,https://www.banggood.com/Plus-Size-V-neck-Belt-Design-Elastic-Waist-Long-Sleeves-Dress-p-1903448.html?p=JA280216647382201711&custlinkid=1792670
1903450,"Plus Size Cold Shoulder Belt Design Dress",https://imgaz1.staticbg.com/thumb/gallery/oaupload/banggood/images/3C/7C/863ab31b-0e86-4ebf-9d24-8ea89b456b06.jpg,https://www.banggood.com/Plus-Size-Cold-Shoulder-Belt-Design-Dress-reviews-p1903450.html,US$32.99,US$1.32,https://www.banggood.com/Plus-Size-Cold-Shoulder-Belt-Design-Dress-p-1903450.html?p=JA280216647382201711&custlinkid=1792671
1903791,"Plus Size Leopard Elastic Waist Patchwork Dress",https://imgaz1.staticbg.com/thumb/gallery/oaupload/banggood/images/85/67/d11757ca-57bc-45f6-b8e9-6514943c64fb.jpg,https://www.banggood.com/Plus-Size-Leopard-Elastic-Waist-Patchwork-Dress-reviews-p1903791.html,US$31.99,US$1.28,https://www.banggood.com/Plus-Size-Leopard-Elastic-Waist-Patchwork-Dress-p-1903791.html?p=JA280216647382201711&custlinkid=1792672
1903798,"Plus Size V-neck Floral Print Crossed Front Design Dress",https://imgaz2.staticbg.com/thumb/gallery/oaupload/banggood/images/03/D0/33c4a265-c186-4d15-9441-ff285c8721ef.jpg,https://www.banggood.com/Plus-Size-V-neck-Floral-Print-Crossed-Front-Design-Dress-reviews-p1903798.html,US$27.99,US$1.12,https://www.banggood.com/Plus-Size-V-neck-Floral-Print-Crossed-Front-Design-Dress-p-1903798.html?p=JA280216647382201711&custlinkid=1801762
1903871,"Plus Size V-neck Elastic Waist Long Sleeves Dress",https://imgaz.staticbg.com/thumb/gallery/oaupload/banggood/images/6D/B9/6d2dc29f-97fd-449f-8bf3-a9fe710da5e7.jpg,https://www.banggood.com/Plus-Size-V-neck-Elastic-Waist-Long-Sleeves-Dress-reviews-p1903871.html,US$28.99,US$1.16,https://www.banggood.com/Plus-Size-V-neck-Elastic-Waist-Long-Sleeves-Dress-p-1903871.html?p=JA280216647382201711&custlinkid=1792673
1908074,"Plus Size V Neck Patchwork Sequins Embellished Dress",https://imgaz1.staticbg.com/thumb/gallery/oaupload/banggood/images/EE/FD/270671a8-51d3-4857-9427-23cb1300d519.jpg,https://www.banggood.com/Plus-Size-V-Neck-Patchwork-Sequins-Embellished-Dress-reviews-p1908074.html,US$30.99,US$1.24,https://www.banggood.com/Plus-Size-V-Neck-Patchwork-Sequins-Embellished-Dress-p-1908074.html?p=JA280216647382201711&custlinkid=1792690
1908162,"Plus Size V Neck Polka Dot Lace Long Sleeves Dress",https://imgaz.staticbg.com/thumb/gallery/oaupload/banggood/images/48/B4/f18d42e2-0ecc-43b3-be25-5c29e10b8e34.jpg,https://www.banggood.com/Plus-Size-V-Neck-Polka-Dot-Lace-Long-Sleeves-Dress-reviews-p1908162.html,US$35.99,US$1.44,https://www.banggood.com/Plus-Size-V-Neck-Polka-Dot-Lace-Long-Sleeves-Dress-p-1908162.html?p=JA280216647382201711&custlinkid=1792700
1908905,"Plus Size Crew Neck Patchwork Tassel Details Dress",https://imgaz2.staticbg.com/thumb/gallery/oaupload/banggood/images/67/39/ff5b36e0-bf4d-4360-8fb7-5d1cb75f4bad.jpg,https://www.banggood.com/Plus-Size-Crew-Neck-Patchwork-Tassel-Details-Dress-reviews-p1908905.html,US$35.99,US$1.44,https://www.banggood.com/Plus-Size-Crew-Neck-Patchwork-Tassel-Details-Dress-p-1908905.html?p=JA280216647382201711&custlinkid=1792704
1908910,"Plus Size Off The Shoulder Lace Patchwork Design Long Sleeves Dress",https://imgaz2.staticbg.com/thumb/gallery/oaupload/banggood/images/5F/4F/83180158-5e8c-4c11-adb4-059eb27c52a3.jpg,https://www.banggood.com/Plus-Size-Off-The-Shoulder-Lace-Patchwork-Design-Long-Sleeves-Dress-reviews-p1908910.html,US$23.99,US$0.96,https://www.banggood.com/Plus-Size-Off-The-Shoulder-Lace-Patchwork-Design-Long-Sleeves-Dress-p-1908910.html?p=JA280216647382201711&custlinkid=1792706
1909687,"Plus Size Green V-neck Lace Ruched Patchwork Design Long Sleeves Dress",https://imgaz3.staticbg.com/thumb/gallery/oaupload/banggood/images/6A/0A/fc9bc300-ee68-43aa-a4d8-1afc3058584c.jpg,https://www.banggood.com/Plus-Size-Green-V-neck-Lace-Ruched-Patchwork-Design-Long-Sleeves-Dress-reviews-p1909687.html,US$29.99,US$1.2,https://www.banggood.com/Plus-Size-Green-V-neck-Lace-Ruched-Patchwork-Design-Long-Sleeves-Dress-p-1909687.html?p=JA280216647382201711&custlinkid=1792718
