Category Name,CategoryID,Product Name,ProductID,Product Image Url,allImageUrls(5<),Product Url,originalPrice($),salePrice($),Commission Rate,Out of Stock Date,Discount,Click url
Real Fur,200003908,Winter Women High Quality Faux Rabbit  Luxury Long Fur Coat Loose Lapel OverCoat Thick Warm Plus Size Feminina LD1561,1005002223291599,https://ae01.alicdn.com/kf/Ha8cef5e7ede84361ab7ee9e4101d2546Z/Winter-Women-High-Quality-Faux-Rabbit-Luxury-Long-Fur-Coat-Loose-Lapel-OverCoat-Thick-Warm-Plus.jpg_220x220.jpg,"https://ae04.alicdn.com/kf/Ha8cef5e7ede84361ab7ee9e4101d2546Z.jpg,https://ae04.alicdn.com/kf/H403277a0d25a4d52a974c245d17a038dq.jpg,https://ae04.alicdn.com/kf/H893b59ed638242cc9d175f91a9312104k.jpg,https://ae04.alicdn.com/kf/H117753224fa34ebbb9ded540f719c0caM.jpg,https://ae04.alicdn.com/kf/H01d7c4eaae11415fb6d3e510792aecaef.jpg,",https://www.aliexpress.com/item/1005002223291599.html,77.99,39.00,9.00%,2098-12-31,50%,https://s.click.aliexpress.com/e/_AlaAMS
Real Fur,200003908,Women Coat Winter Short Clothes 2021 New Arrival Casual Style Natural Real Fur Jacket O-neck Bright Black Leather Outerwear,1005001631766154,https://ae01.alicdn.com/kf/H728f1ae3e0f74ec7811c02af44bc47eeC/Women-Coat-Winter-Short-Clothes-2021-New-Arrival-Casual-Style-Natural-Real-Fur-Jacket-O-neck.jpg_220x220.jpg,"https://ae04.alicdn.com/kf/H728f1ae3e0f74ec7811c02af44bc47eeC.jpg,https://ae04.alicdn.com/kf/H756fdb393d9c478d81451c09b9d756e9f.jpg,https://ae04.alicdn.com/kf/H2be34c0abe2c4626b6d55a849c62cdecl.jpg,https://ae04.alicdn.com/kf/H475aa1cb73344bf9aa2c88984bb6f77bE.jpg,https://ae04.alicdn.com/kf/Haad5eccd34f946a2bb8bf854eb9a53ecZ.jpg,",https://www.aliexpress.com/item/1005001631766154.html,592.00,284.16,9.00%,2098-12-31,52%,https://s.click.aliexpress.com/e/_AYBe9M
Real Fur,200003908,2021 Winter Import Fox Fur Coat Turn-Down Collar Warm Thick Leopard Print Female Fox Coats Medium Natural Fur Slim Fox Fur Coats,1005002268450484,https://ae01.alicdn.com/kf/H2680a627185147489f740f25a305f2066/2021-Winter-Import-Fox-Fur-Coat-Turn-Down-Collar-Warm-Thick-Leopard-Print-Female-Fox-Coats.jpg_220x220.jpg,"https://ae04.alicdn.com/kf/H2680a627185147489f740f25a305f2066.jpg,https://ae04.alicdn.com/kf/H535c096bb78b4be6ba798a20b94f004ce.jpg,https://ae04.alicdn.com/kf/H91b618e0a9434d5dad5407dfe8964d65s.jpg,https://ae04.alicdn.com/kf/H1856a31aacdf46b8aa6afc34ede9f780I.jpg,https://ae04.alicdn.com/kf/H689f78d1a6734ca1bad1d81f2ab9803fU.jpg,",https://www.aliexpress.com/item/1005002268450484.html,"1,888.88","1,359.99",11.00%,2098-12-31,28%,https://s.click.aliexpress.com/e/_9IbR2S
Real Fur,200003908,21 New Women Winter Keep Warm Faux Fur Coat Color Patch Thick  Long Turn Down Collar  Fashion Hot Style  Feminino  CX1407,1005002224765801,https://ae01.alicdn.com/kf/Hc193b4f3951942238ec7a1984cf39699X/21-New-Women-Winter-Keep-Warm-Faux-Fur-Coat-Color-Patch-Thick-Long-Turn-Down-Collar.jpg_220x220.jpg,"https://ae04.alicdn.com/kf/Hc193b4f3951942238ec7a1984cf39699X.jpg,https://ae04.alicdn.com/kf/H36ccf3c785be40a0a3a1208e3aeee3e6k.jpg,https://ae04.alicdn.com/kf/Hc8a7966f7b404654aa573340f366c555I.jpg,https://ae04.alicdn.com/kf/H1f411243ba7a479f9fa78fb5670cadf1S.jpg,https://ae04.alicdn.com/kf/Ha0b587b4d35b4abe95c5b279149e1d31F.jpg,",https://www.aliexpress.com/item/1005002224765801.html,75.99,38.75,9.00%,2098-12-31,49%,https://s.click.aliexpress.com/e/_A3CrTM
Real Fur,200003908,Mink coat women fur coat large mink hair 2020 winter new short cover mink effect,1005001643088655,https://ae01.alicdn.com/kf/H0a0fe349f7ed4f1a946fd0dcf8e6cdbcO/Mink-coat-women-fur-coat-large-mink-hair-2020-winter-new-short-cover-mink-effect.jpg_220x220.jpg,"https://ae04.alicdn.com/kf/H0a0fe349f7ed4f1a946fd0dcf8e6cdbcO.jpg,https://ae04.alicdn.com/kf/Hffc99bd8e8644d769cd88906defe6ff89.jpg,https://ae04.alicdn.com/kf/H19a01adb19494d11935345244ae081afp.jpg,https://ae04.alicdn.com/kf/Hc58b9936b45f4653a3c08d0bb6e5bd2bQ.jpg,",https://www.aliexpress.com/item/1005001643088655.html,"1,379.49",427.64,9.00%,2098-12-31,69%,https://s.click.aliexpress.com/e/_9fysFY
Real Fur,200003908,Vintage A-Line Burgundy Mink Fur Winter Coat Women Fox Collar High Quality Long Sleeves Jacket Thick Warm Silk Lining Outwear,1005001948716860,https://ae01.alicdn.com/kf/H9641a4217e3843be8eaef688962c6876d/Vintage-A-Line-Burgundy-Mink-Fur-Winter-Coat-Women-Fox-Collar-High-Quality-Long-Sleeves-Jacket.jpg_220x220.jpg,"https://ae04.alicdn.com/kf/H9641a4217e3843be8eaef688962c6876d.jpg,https://ae04.alicdn.com/kf/Hac767b5a3479496a95e39a296014bd9a1.jpg,https://ae04.alicdn.com/kf/H2f8b47dd2c054077829464b75e5a5fbep.jpg,https://ae04.alicdn.com/kf/H991b668d499f42eb824ad0ef9d3339cbm.jpg,https://ae04.alicdn.com/kf/Hbe1abe9a039d4aa18ca1bfc580d44b64R.jpg,",https://www.aliexpress.com/item/1005001948716860.html,229.99,218.49,9.00%,2098-12-31,5%,https://s.click.aliexpress.com/e/_AVtouE
Real Fur,200003908,Long Lapel Tuscany fur one piece fox fur women's collar Faux Fur youth winter coat 2 colors,1005001805997365,https://ae01.alicdn.com/kf/H227c36c45d3146de8b8f0d8d0af61d34e/Long-Lapel-Tuscany-fur-one-piece-fox-fur-women-s-collar-Faux-Fur-youth-winter-coat.jpg_220x220.jpg,"https://ae04.alicdn.com/kf/H227c36c45d3146de8b8f0d8d0af61d34e.jpg,https://ae04.alicdn.com/kf/H90d928e917fc4befb0590944e98ca851N.jpg,https://ae04.alicdn.com/kf/Ha192232740b24835875766135d84b5e0N.jpg,https://ae04.alicdn.com/kf/Hb5d21373bfb442dab8b3b79eb903de6fv.jpg,",https://www.aliexpress.com/item/1005001805997365.html,375.38,116.37,9.00%,2098-12-31,69%,https://s.click.aliexpress.com/e/_9xN6xC
Real Fur,200003908,Temperament Small Fragrance Style Pearl Edge Fur Coat Luxury White Mink High Quality Short Jacket Thick Warm Fashion Outwear,1005002120030324,https://ae01.alicdn.com/kf/H5e0eae9c27a54bc4913c8e403bdec7b0l/Temperament-Small-Fragrance-Style-Pearl-Edge-Fur-Coat-Luxury-White-Mink-High-Quality-Short-Jacket-Thick.jpg_220x220.jpg,"https://ae04.alicdn.com/kf/H5e0eae9c27a54bc4913c8e403bdec7b0l.jpg,https://ae04.alicdn.com/kf/Hf997164d8d814a04917307e30fc35d70k.jpg,https://ae04.alicdn.com/kf/H7df6aa3eb3cd4084b3b90c3a4beca398F.jpg,https://ae04.alicdn.com/kf/Hda397a2551cc4eeea7e1353cefb35f09x.jpg,https://ae04.alicdn.com/kf/H7ed57e7d5c13429cbbdfd943243c8384a.jpg,",https://www.aliexpress.com/item/1005002120030324.html,959.99,950.39,9.00%,2098-12-31,1%,https://s.click.aliexpress.com/e/_ApgMYi
Real Fur,200003908,Winter 2021 Korean Luxury Runway Faux Fur Coat Womens Color Block Fluffy Furry Warm Thicken Fake Mink Overcoat Plus Size 5xl,1005002267885141,https://ae01.alicdn.com/kf/H44b39c58247141f692931400044864ee7/Winter-2021-Korean-Luxury-Runway-Faux-Fur-Coat-Womens-Color-Block-Fluffy-Furry-Warm-Thicken-Fake.jpg_220x220.jpg,"https://ae04.alicdn.com/kf/H44b39c58247141f692931400044864ee7.jpg,https://ae04.alicdn.com/kf/He41b036203f84430af58fa0e370d71bcE.jpg,https://ae04.alicdn.com/kf/H6504fa7288004d8a8a733cd5aa912d39q.jpg,https://ae04.alicdn.com/kf/H7fd6fdc3229c4eabbc765c1dfb3187f59.jpg,https://ae04.alicdn.com/kf/H87993498e01a472fbcf6a160a9bce93a8.jpg,",https://www.aliexpress.com/item/1005002267885141.html,338.88,243.99,9.00%,2098-12-31,28%,https://s.click.aliexpress.com/e/_A8Giv8
Real Fur,200003908,Fashion Whole Mink Fur Gray Female Jackets Winter Hooded Thick Warm Women Outwear Elegant Windproof Cold Loose Oversize Coat,1005001374567953,https://ae01.alicdn.com/kf/Hcabc6d0f01894de290ea44270a7953679/Fashion-Whole-Mink-Fur-Gray-Female-Jackets-Winter-Hooded-Thick-Warm-Women-Outwear-Elegant-Windproof-Cold.jpg_220x220.jpg,"https://ae04.alicdn.com/kf/Hcabc6d0f01894de290ea44270a7953679.jpg,https://ae04.alicdn.com/kf/H96d68b8001bf43fe82468e10cf62f009K.jpg,https://ae04.alicdn.com/kf/H90f505e1bf0c46ea8bc4813f0416f334H.jpg,https://ae04.alicdn.com/kf/He513beb0631d45db8f26a24b0eedeffa7.jpg,",https://www.aliexpress.com/item/1005001374567953.html,799.99,783.99,9.00%,2098-12-31,2%,https://s.click.aliexpress.com/e/_Acvmy6
Real Fur,200003908,High End Winter Mink Fur Coat Women's Fashion Mink Grass Soft Thick Warm Jacket Silk Lining Long Sleeves Mandarin Collar Clothes,1005002038231379,https://ae01.alicdn.com/kf/H203895ce2c44417198279a5a4bda814fO/High-End-Winter-Mink-Fur-Coat-Women-s-Fashion-Mink-Grass-Soft-Thick-Warm-Jacket-Silk.jpg_220x220.jpg,"https://ae04.alicdn.com/kf/H203895ce2c44417198279a5a4bda814fO.jpg,https://ae04.alicdn.com/kf/H76d3d51365084b2ebca38489cde03f57A.jpg,https://ae04.alicdn.com/kf/Ha4355a1347e540ef8187df881e88e0f1Z.jpg,https://ae04.alicdn.com/kf/Hcefdc106dc89428d964c6f4a5cf55614h.jpg,https://ae04.alicdn.com/kf/H1f5ac4d73d7d4709ae152f9ab0bb84f5W.jpg,",https://www.aliexpress.com/item/1005002038231379.html,499.99,489.99,9.00%,2098-12-31,2%,https://s.click.aliexpress.com/e/_APzVnU
Real Fur,200003908,2021 Winter Import Sliver Fox Coat Woolen Plaid Sashes Coats X-Long Warm Thick Turn-Down Collar Losse Natural Woolen Fur Coats,1005002268498342,https://ae01.alicdn.com/kf/H956a1059519f4c9983a6c1cb9d3489a3h/2021-Winter-Import-Sliver-Fox-Coat-Woolen-Plaid-Sashes-Coats-X-Long-Warm-Thick-Turn-Down.jpg_220x220.jpg,"https://ae04.alicdn.com/kf/H956a1059519f4c9983a6c1cb9d3489a3h.jpg,https://ae04.alicdn.com/kf/H92c75c417fde4a2094ba74b9f8b02581x.jpg,https://ae04.alicdn.com/kf/H42e5becc4d5947edbd13c3b11a3c021eG.jpg,https://ae04.alicdn.com/kf/H3f64401b3ce74e5bac7aa557d9fdde0fH.jpg,https://ae04.alicdn.com/kf/H9f272cc12ae24ecb817ecf8729d1efb9C.jpg,",https://www.aliexpress.com/item/1005002268498342.html,"1,888.88","1,359.99",11.00%,2098-12-31,28%,https://s.click.aliexpress.com/e/_9yDYtM
Real Fur,200003908,Girl's Real Fox Fur Knitting OverSize Loose Spring Fox Fur Strip Sewed Together Outside Short Lady's Fashion Sexy Sweater Coat,1005002314468370,https://ae01.alicdn.com/kf/H68ffb8bd2d774c8c89d11164f4b71b4cg/Girl-s-Real-Fox-Fur-Knitting-OverSize-Loose-Spring-Fox-Fur-Strip-Sewed-Together-Outside-Short.jpg_220x220.jpg,"https://ae04.alicdn.com/kf/H68ffb8bd2d774c8c89d11164f4b71b4cg.jpg,https://ae04.alicdn.com/kf/H5c921fbd7d0140f1bb5b960998c86ed6d.jpg,https://ae04.alicdn.com/kf/H9c9b2ec9c8154bdab2db312c4e8cd803u.jpg,https://ae04.alicdn.com/kf/H750b6d36506245a09bf944feca3b7389L.jpg,https://ae04.alicdn.com/kf/Hc85ed146e0b3409fb3dc94033b6b18e5F.jpg,",https://www.aliexpress.com/item/1005002314468370.html,339.98,169.99,9.00%,2098-12-31,50%,https://s.click.aliexpress.com/e/_AtlQ6q
Real Fur,200003908,Wool Fur Women Autumn Winter Composite Fur One Piece Coat Print Long Thick Warm Half Sleeves Mandarin Collar Casual  Fur Jackets,4000430437568,https://ae01.alicdn.com/kf/H180967fb59154eb6af73cf5346fabbb6F/Wool-Fur-Women-Autumn-Winter-Composite-Fur-One-Piece-Coat-Print-Long-Thick-Warm-Half-Sleeves.jpg_220x220.jpg,"https://ae04.alicdn.com/kf/H180967fb59154eb6af73cf5346fabbb6F.jpg,https://ae04.alicdn.com/kf/Hd544dbef55fe40a39db89f12895af3ff6.jpg,https://ae04.alicdn.com/kf/H1b0b586dfba448caa3eccfe0cc878c5fM.jpg,https://ae04.alicdn.com/kf/H4d391dc78a1c4345b0a8e77c14056e3bb.jpg,https://ae04.alicdn.com/kf/He68fe56658864007abba3badb9d0d219T.jpg,",https://www.aliexpress.com/item/4000430437568.html,131.99,118.79,9.00%,2098-12-31,10%,https://s.click.aliexpress.com/e/_A90gsa
Real Fur,200003908,Luxury Streetwear Warm Female Woolen Coat High Quality Natural Real Sheepskin Thick Jackets Hot Sell Red Outerwear with Pockets,4000549236498,https://ae01.alicdn.com/kf/H2d96eff18e9f4a9e88b9490867a9e579I/Luxury-Streetwear-Warm-Female-Woolen-Coat-High-Quality-Natural-Real-Sheepskin-Thick-Jackets-Hot-Sell-Red.jpg_220x220.jpg,"https://ae04.alicdn.com/kf/H2d96eff18e9f4a9e88b9490867a9e579I.jpg,https://ae04.alicdn.com/kf/Hfcc38d8c0fa44427bd75fac0e30c5a71d.jpg,https://ae04.alicdn.com/kf/H0b5298e9dcf44183bf6de58eb5c0c19c2.jpg,https://ae04.alicdn.com/kf/Hc48dfebc83664ba5a66c4f35ac8d8f60C.jpg,https://ae04.alicdn.com/kf/H837023b2ca16482aa30bed604fb03d007.jpg,",https://www.aliexpress.com/item/4000549236498.html,205.59,185.03,9.00%,2098-12-31,10%,https://s.click.aliexpress.com/e/_AOX64w
Real Fur,200003908,Winter Thickened Warm V-neck Mink Jacket 2020 Fashionable Young Style White Mink Outwear with Belt High-end New Fur Grass Coat,1005002119698937,https://ae01.alicdn.com/kf/He050e9ab558949c890b1e6f8e3d2d0b8a/Winter-Thickened-Warm-V-neck-Mink-Jacket-2020-Fashionable-Young-Style-White-Mink-Outwear-with-Belt.jpg_220x220.jpg,"https://ae04.alicdn.com/kf/He050e9ab558949c890b1e6f8e3d2d0b8a.jpg,https://ae04.alicdn.com/kf/H268aa35cffeb4a468a86a2065543690fx.jpg,https://ae04.alicdn.com/kf/H02a41fa0be984282898151a6cc9d94e7M.jpg,https://ae04.alicdn.com/kf/H6214c57b407f4ec581046c08ad9c0bbaR.jpg,https://ae04.alicdn.com/kf/H706594a9f05446458a8a6cb23de4e9133.jpg,",https://www.aliexpress.com/item/1005002119698937.html,709.99,638.99,9.00%,2098-12-31,10%,https://s.click.aliexpress.com/e/_9G8eru
Real Fur,200003908,European Imitation Fur Coat Long Warm Elegant Atmosphere Colorful Faux Fur Jacket Plus Size For Women Winter Fluffy Overcoat,1005002267857252,https://ae01.alicdn.com/kf/Hc5c0542708b0432ba9d23f7b710582eev/European-Imitation-Fur-Coat-Long-Warm-Elegant-Atmosphere-Colorful-Faux-Fur-Jacket-Plus-Size-For-Women.jpg_220x220.jpg,"https://ae04.alicdn.com/kf/Hc5c0542708b0432ba9d23f7b710582eev.jpg,https://ae04.alicdn.com/kf/He1556093bfe9402398be0e4c60457aca9.jpg,https://ae04.alicdn.com/kf/H9136c6caec2d40999de306771911ea09K.jpg,https://ae04.alicdn.com/kf/He57fc8cab6e44802af97efda1cbab384E.jpg,https://ae04.alicdn.com/kf/H3d0f5c53f26a441596ffb40ac80de203S.jpg,",https://www.aliexpress.com/item/1005002267857252.html,338.88,243.99,9.00%,2098-12-31,28%,https://s.click.aliexpress.com/e/_AP3Xho
Real Fur,200003908,Fashion Women Spring Autumn Slim Full Pelt Real Lamb Wool Fur Long Coat Lady's V-neck Slim Outwear Coat,1005002312512986,https://ae01.alicdn.com/kf/H282616f08d054627b18390c4386aff3aF/Fashion-Women-Spring-Autumn-Slim-Full-Pelt-Real-Lamb-Wool-Fur-Long-Coat-Lady-s-V.jpg_220x220.jpg,"https://ae04.alicdn.com/kf/H282616f08d054627b18390c4386aff3aF.jpg,https://ae04.alicdn.com/kf/H8292afe48d9b4ea79108afcaf36b24165.jpg,https://ae04.alicdn.com/kf/H6f9d257e6aa141e98c1c2b70d78931d2A.jpg,https://ae04.alicdn.com/kf/H09066e330db141c98a60d8891e0a4d64N.jpg,https://ae04.alicdn.com/kf/Ha895cc22d84b4502be5e648f43d2094fz.jpg,",https://www.aliexpress.com/item/1005002312512986.html,667.98,347.35,9.00%,2098-12-31,48%,https://s.click.aliexpress.com/e/_A3i4Rg
Real Fur,200003908,Fashion Women Spring Autumn Real Fur Coat Lady's V-neck Real Mongolia Sheep Fur Short Thin Outwear Coat,1005002235208460,https://ae01.alicdn.com/kf/H3c7212998bd64b2a87633c187a5e8294d/Fashion-Women-Spring-Autumn-Real-Fur-Coat-Lady-s-V-neck-Real-Mongolia-Sheep-Fur-Short.jpg_220x220.jpg,"https://ae04.alicdn.com/kf/H3c7212998bd64b2a87633c187a5e8294d.jpg,https://ae04.alicdn.com/kf/H19f51150e2ab4867990c43622c5b753fG.jpg,https://ae04.alicdn.com/kf/H7092850644ee4de5ba08772a4cd00fd58.jpg,https://ae04.alicdn.com/kf/H24a4e398ace140fc8e8a8e6e64ef9bcfm.jpg,https://ae04.alicdn.com/kf/H916671998622483981d218c58451168bB.jpg,",https://www.aliexpress.com/item/1005002235208460.html,309.98,154.99,9.00%,2098-12-31,50%,https://s.click.aliexpress.com/e/_9gY5Xy
Real Fur,200003908,Winter Warm Thick 2020 Fox Collar Mink Coat for Women Black Office New Mink Fur Jacket with Removable Collar Silk Lining Wb56,1005001593335005,https://ae01.alicdn.com/kf/Hb427bf87b56b498ab19720f34956349dg/Winter-Warm-Thick-2020-Fox-Collar-Mink-Coat-for-Women-Black-Office-New-Mink-Fur-Jacket.jpg_220x220.jpg,"https://ae04.alicdn.com/kf/Hb427bf87b56b498ab19720f34956349dg.jpg,https://ae04.alicdn.com/kf/H770bd0b48ae54ab8b86c90f5480916c1v.jpg,https://ae04.alicdn.com/kf/H5aa1f00de2c141acb8fa10fe36fcfdd39.jpg,https://ae04.alicdn.com/kf/H81e7e5670bbc4c2c8b50da7075ef9e804.jpg,https://ae04.alicdn.com/kf/H76f46e16b70e41e7b33a4ef06c064e24l.jpg,",https://www.aliexpress.com/item/1005001593335005.html,219.99,208.99,9.00%,2098-12-31,5%,https://s.click.aliexpress.com/e/_9QF0gK
Real Fur,200003908,Xiaoxiangfeng Granule Lamb Fur Grass Jacket Mink Hair Collar Sheep Shearing Cashmere Women's Coat Thick Warm Business Wear,1005002314705637,https://ae01.alicdn.com/kf/H0f2477449ca545bc8cc8c252cf09434fz/Xiaoxiangfeng-Granule-Lamb-Fur-Grass-Jacket-Mink-Hair-Collar-Sheep-Shearing-Cashmere-Women-s-Coat-Thick.jpg_220x220.jpg,"https://ae04.alicdn.com/kf/H0f2477449ca545bc8cc8c252cf09434fz.jpg,https://ae04.alicdn.com/kf/Hc97a030c65f448188131ba7f94801724l.jpg,https://ae04.alicdn.com/kf/Hb3e294f6319341ff824a7fc1061d8a54B.jpg,https://ae04.alicdn.com/kf/H27f8e136cb15414c9025e54dc06ea11ei.jpg,https://ae04.alicdn.com/kf/H69ddfe23ed8744ccb5a1dfac2fb9c095f.jpg,",https://www.aliexpress.com/item/1005002314705637.html,209.99,,9.00%,2098-12-31,null%,https://s.click.aliexpress.com/e/_AdVkKQ
Real Fur,200003908,High Quality Warm Elegant Women Whole Mink Fur Coat Casual Pocket Fashion Female Winter Windproof Jacket Oversize Outwears,1005001374664867,https://ae01.alicdn.com/kf/H2aa9e853344f441d9b64b0a01a6e3d8f5/High-Quality-Warm-Elegant-Women-Whole-Mink-Fur-Coat-Casual-Pocket-Fashion-Female-Winter-Windproof-Jacket.jpg_220x220.jpg,"https://ae04.alicdn.com/kf/H2aa9e853344f441d9b64b0a01a6e3d8f5.jpg,https://ae04.alicdn.com/kf/Hc654f8790c474917b4194423e01119abl.jpg,https://ae04.alicdn.com/kf/H3b8f9b2c735a4ff2a558ed71034d4aeaV.jpg,https://ae04.alicdn.com/kf/H4142c9aaf5a34fa8aebf8824ce74ccbcS.jpg,https://ae04.alicdn.com/kf/H2c036f9198544f639345b45c089eb788L.jpg,",https://www.aliexpress.com/item/1005001374664867.html,599.99,587.99,9.00%,2098-12-31,2%,https://s.click.aliexpress.com/e/_A0ZS7u
Real Fur,200003908,Motorcycle Style Fox Fur Short Waistcoat Sleeveless Genuine Sheepskin Leather Real Fox Fur Gilet,1005002267845621,https://ae01.alicdn.com/kf/Hc0bc4753292b4cd480face5b31496709l/Motorcycle-Style-Fox-Fur-Short-Waistcoat-Sleeveless-Genuine-Sheepskin-Leather-Real-Fox-Fur-Gilet.jpg_220x220.jpg,"https://ae04.alicdn.com/kf/Hc0bc4753292b4cd480face5b31496709l.jpg,https://ae04.alicdn.com/kf/H8f71861f81384b2a8e747a16d2dbdc1dI.jpg,https://ae04.alicdn.com/kf/H86b02b0f95cf405481f05b313ceb8bc63.jpg,https://ae04.alicdn.com/kf/H88ada5024410432d89973a711d8ea91b7.jpg,https://ae04.alicdn.com/kf/H140d4cbd6ff949d4a81c5f39ef2f8f32R.jpg,",https://www.aliexpress.com/item/1005002267845621.html,359.98,179.99,9.00%,2098-12-31,50%,https://s.click.aliexpress.com/e/_9I9yAI
Real Fur,200003908,Luxury New Style OL Black Mink Fur Coat Large 5xl Winter Medium Length Mink Jacket Thick Warm Outwear with Fur Hooded Overcoat,1005001380675286,https://ae01.alicdn.com/kf/H7dc9b0549c6140188db79e195b161f9e2/Luxury-New-Style-OL-Black-Mink-Fur-Coat-Large-5xl-Winter-Medium-Length-Mink-Jacket-Thick.jpg_220x220.jpg,"https://ae04.alicdn.com/kf/H7dc9b0549c6140188db79e195b161f9e2.jpg,https://ae04.alicdn.com/kf/H0a193295c5f142ad82e58061288c9a61D.jpg,https://ae04.alicdn.com/kf/H915f428cf4374c8ca61b5f5a829df55fy.jpg,https://ae04.alicdn.com/kf/H273ed907599b4b679aae8a16b188d46fM.jpg,https://ae04.alicdn.com/kf/H4af5f3316f43414abbf151baabbf480cE.jpg,",https://www.aliexpress.com/item/1005001380675286.html,249.99,244.99,9.00%,2098-12-31,2%,https://s.click.aliexpress.com/e/_AepDJ4
Real Fur,200003908,Real Fox Fur Knitting Cardigan OverSize Loose Winter Hooded Medium Jacket Outerwear Coat,1005002312929758,https://ae01.alicdn.com/kf/H7054363e7b024d8bb664c778b0d09bb2o/Real-Fox-Fur-Knitting-Cardigan-OverSize-Loose-Winter-Hooded-Medium-Jacket-Outerwear-Coat.jpg_220x220.jpg,"https://ae04.alicdn.com/kf/H7054363e7b024d8bb664c778b0d09bb2o.jpg,https://ae04.alicdn.com/kf/H975f17b6da7f4a598a55d8db00e184ceg.jpg,https://ae04.alicdn.com/kf/H8b2860f69a5c48d69978ff197b63eb3aP.jpg,https://ae04.alicdn.com/kf/Hbfb29bfb79844f46a8230b86f5aa0bdaz.jpg,https://ae04.alicdn.com/kf/Hc3e66d4807814c0ca0d9c3589731c2c2q.jpg,",https://www.aliexpress.com/item/1005002312929758.html,499.98,249.99,9.00%,2098-12-31,50%,https://s.click.aliexpress.com/e/_A150Em
Real Fur,200003908,Hot Sale Lady's Fashion Locomotive Style New Real Fox Fur Jacket with Genuine Sheep Leather Fashion Women Real Fur Overcoat,1005002286109323,https://ae01.alicdn.com/kf/H3651b3505aeb4a9d9a2e8b7feb707ae6t/Hot-Sale-Lady-s-Fashion-Locomotive-Style-New-Real-Fox-Fur-Jacket-with-Genuine-Sheep-Leather.jpg_220x220.jpg,"https://ae04.alicdn.com/kf/H3651b3505aeb4a9d9a2e8b7feb707ae6t.jpg,https://ae04.alicdn.com/kf/Hde25f2e02ea14fd1aa996c0b89e122f8B.jpg,https://ae04.alicdn.com/kf/H42437484b43d49a78329619917899633L.jpg,https://ae04.alicdn.com/kf/Ha04c09ce329c4814aa45f4fee1dcc2a3k.jpg,https://ae04.alicdn.com/kf/H944e683883804a84a91890375601705fd.jpg,",https://www.aliexpress.com/item/1005002286109323.html,435.98,217.99,9.00%,2098-12-31,50%,https://s.click.aliexpress.com/e/_9yjVHg
Real Fur,200003908,WholeSale Good Quality Women Sleeveless Natural Fox Fur Vest Outerwear Real Fur Waistcoat,4000772611891,https://ae01.alicdn.com/kf/Hd1121a4ca4024fa694deda36460e082bM/WholeSale-Good-Quality-Women-Sleeveless-Natural-Fox-Fur-Vest-Outerwear-Real-Fur-Waistcoat.jpg_220x220.jpg,"https://ae04.alicdn.com/kf/Hd1121a4ca4024fa694deda36460e082bM.jpg,https://ae04.alicdn.com/kf/H24ceadd850fc48f38f19b4e6167cea4ds.jpg,https://ae04.alicdn.com/kf/H02ec1039ef834cc4b5230ca43a58b138E.jpg,https://ae04.alicdn.com/kf/Heb40898ab4094f1781fd09d00a8ce93fb.jpg,https://ae04.alicdn.com/kf/Hd8358dbe762b425c9e8cf9c77c1999474.jpg,",https://www.aliexpress.com/item/4000772611891.html,384.00,192.00,9.00%,2098-12-31,50%,https://s.click.aliexpress.com/e/_AtJyC6
Real Fur,200003908,Motorcycle Style Women Lady's Long Full Piece Fox Fur Waistcoat Sleeveless Genuine Sheepskin Leather Real Fox Fur Gilet,1005002286610685,https://ae01.alicdn.com/kf/H189e8c9aa9a04a05a4a2189a6d1e88d7I/Motorcycle-Style-Women-Lady-s-Long-Full-Piece-Fox-Fur-Waistcoat-Sleeveless-Genuine-Sheepskin-Leather-Real.jpg_220x220.jpg,"https://ae04.alicdn.com/kf/H189e8c9aa9a04a05a4a2189a6d1e88d7I.jpg,https://ae04.alicdn.com/kf/H84104231ace746768d8f93a1653886fbl.jpg,https://ae04.alicdn.com/kf/H523db02f5a35439f86d0389194499201B.jpg,https://ae04.alicdn.com/kf/H3cb8d3ed733449c6b71da2e07903c4718.jpg,https://ae04.alicdn.com/kf/H3a25e31a9f6042faabbf4657eb60d2ffd.jpg,",https://www.aliexpress.com/item/1005002286610685.html,519.98,259.99,9.00%,2098-12-31,50%,https://s.click.aliexpress.com/e/_AAk9Gq
Real Fur,200003908,2020 Motorcycle Style Vest Fur Waistcoat Sleeveless Genuine Sheepskin Leather Fox Fur Zipper Gilet,1005002265894662,https://ae01.alicdn.com/kf/Hfa06ea6fe1ea43c889ea4e68b9a1b7f9A/2020-Motorcycle-Style-Vest-Fur-Waistcoat-Sleeveless-Genuine-Sheepskin-Leather-Fox-Fur-Zipper-Gilet.jpg_220x220.jpg,"https://ae04.alicdn.com/kf/Hfa06ea6fe1ea43c889ea4e68b9a1b7f9A.jpg,https://ae04.alicdn.com/kf/H8a1470c9ac5747acb0ceb6ba5eec67bfR.jpg,https://ae04.alicdn.com/kf/H24fdc65de8134445b09d3e7ebba3a54dB.jpg,https://ae04.alicdn.com/kf/Hab09f08cba864e8cb903d21346f5f296H.jpg,https://ae04.alicdn.com/kf/Hbda77234fc494b2e99d0eddce78d47eeo.jpg,",https://www.aliexpress.com/item/1005002265894662.html,379.98,189.99,9.00%,2098-12-31,50%,https://s.click.aliexpress.com/e/_A8EHNs
Real Fur,200003908,100% Natural Fox Fur with Genuine Leather Coats Real Fox Fur Coat Link with Genuine Sheepskin Leather Long Sleeves Short Jacket,4000780012700,https://ae01.alicdn.com/kf/H744f15c2bdcb411eb1e5cb2ddb992f5bD/100-Natural-Fox-Fur-with-Genuine-Leather-Coats-Real-Fox-Fur-Coat-Link-with-Genuine-Sheepskin.jpg_220x220.jpg,"https://ae04.alicdn.com/kf/H744f15c2bdcb411eb1e5cb2ddb992f5bD.jpg,https://ae04.alicdn.com/kf/H7cbe474a0e18431e8a0073549dbc475cd.jpg,https://ae04.alicdn.com/kf/H0e65cb173e8840689f3af0f11e13ed45v.jpg,https://ae04.alicdn.com/kf/Hc727aae2b022419d8c33014cccf86f25R.jpg,https://ae04.alicdn.com/kf/Ha92a1a1de9d74439935f31b738e24329S.jpg,",https://www.aliexpress.com/item/4000780012700.html,379.00,189.50,9.00%,2098-12-31,50%,https://s.click.aliexpress.com/e/_Acnp0q
Real Fur,200003908,Black Real Fur Short Coat Woman Outerwear 2021 Winter Casual Elegant Retro Jacket Lamb Fur Parka Warm Snow Locomotive Wool Coat,1005002248753227,https://ae01.alicdn.com/kf/Hece8a8a8e22c4d82a4adf8c09a9cb2ecY/Black-Real-Fur-Short-Coat-Woman-Outerwear-2021-Winter-Casual-Elegant-Retro-Jacket-Lamb-Fur-Parka.jpg_220x220.jpg,"https://ae04.alicdn.com/kf/Hece8a8a8e22c4d82a4adf8c09a9cb2ecY.jpg,https://ae04.alicdn.com/kf/Hb75cfbe1968b4729a6caf30f1c25a0282.jpg,https://ae04.alicdn.com/kf/Hd1d7657ba553443eb325a8339a6aac35J.jpg,https://ae04.alicdn.com/kf/H2cb75388d04b48608611b802b7bc9e29O.jpg,https://ae04.alicdn.com/kf/Hd6e51f7779b84e358bf10e09fdd576076.jpg,",https://www.aliexpress.com/item/1005002248753227.html,688.88,495.99,9.00%,2098-12-31,28%,https://s.click.aliexpress.com/e/_AsSbma
Real Fur,200003908,2021s High Quality Luxury Lady's Winter Natural Real Furry Fox Fur Vest Jacket Waistcoat with Genuine Sheepskin Leather,1005002229594199,https://ae01.alicdn.com/kf/Hbcd3d66c3a6c40cf861f9c8d45e0e011r/2021s-High-Quality-Luxury-Lady-s-Winter-Natural-Real-Furry-Fox-Fur-Vest-Jacket-Waistcoat-with.jpg_220x220.jpg,"https://ae04.alicdn.com/kf/Hbcd3d66c3a6c40cf861f9c8d45e0e011r.jpg,https://ae04.alicdn.com/kf/H7d19afe0a9254ab2b4bca86401629bceX.jpg,https://ae04.alicdn.com/kf/Ha8890277ada54ae49598037e5fec0e18C.jpg,https://ae04.alicdn.com/kf/H40c2de77471c4b3db7406df7b974072cu.jpg,https://ae04.alicdn.com/kf/Hafed9fec85b2483f8a779a1997c14f88m.jpg,",https://www.aliexpress.com/item/1005002229594199.html,319.98,159.99,9.00%,2098-12-31,50%,https://s.click.aliexpress.com/e/_9AWNoQ
Real Fur,200003908,Luxury New European Imported Long Style Sheepskin Fur One Coat Women's Thick Warm Leather Made To Order High Quality Overcome,1005002120898505,https://ae01.alicdn.com/kf/Hbd0bc369bbbe4615a864aa497b1c6d98K/Luxury-New-European-Imported-Long-Style-Sheepskin-Fur-One-Coat-Women-s-Thick-Warm-Leather-Made.jpg_220x220.jpg,"https://ae04.alicdn.com/kf/Hbd0bc369bbbe4615a864aa497b1c6d98K.jpg,https://ae04.alicdn.com/kf/H83ee4ffeb5064306ba4641061a64e8da5.jpg,https://ae04.alicdn.com/kf/Hc7271bf5b291453f8ea3f040989fa29bm.jpg,https://ae04.alicdn.com/kf/H2c5929965836467ba87aac11e195081dJ.jpg,https://ae04.alicdn.com/kf/Hcbae9990a2d547c68999758894ddaaaey.jpg,",https://www.aliexpress.com/item/1005002120898505.html,589.99,,9.00%,2098-12-31,null%,https://s.click.aliexpress.com/e/_AF6j1u
Real Fur,200003908,Autumn Winter New Multicolour Fox Fur Collar Hooded Mink Coat Women Mink Fur Grass Jacket Printed  Zipper Splicing Soft Outwear,1005001291322228,https://ae01.alicdn.com/kf/H684429eed8e84aeeb817961da4e353fed/Autumn-Winter-New-Multicolour-Fox-Fur-Collar-Hooded-Mink-Coat-Women-Mink-Fur-Grass-Jacket-Printed.jpg_220x220.jpg,"https://ae04.alicdn.com/kf/H684429eed8e84aeeb817961da4e353fed.jpg,https://ae04.alicdn.com/kf/H945159b71569437880a0ca7a9e057d84q.jpg,https://ae04.alicdn.com/kf/H99770c0f35d14034aa9179edb9a05278R.jpg,https://ae04.alicdn.com/kf/Hb03065d52e3d40fb914e7be8d6326ac7E.jpg,https://ae04.alicdn.com/kf/H42c66dedefa34cd6a4fb41cf515a109fe.jpg,",https://www.aliexpress.com/item/1005001291322228.html,210.99,179.34,9.00%,2098-12-31,15%,https://s.click.aliexpress.com/e/_AWfFii
Real Fur,200003908,New Grain Sheep Shearer Women's All Wool Fur Coat In The Spring of 2021 Loose Turn Down Collar Real Thick Warm Fur Jacket,1005002276653759,https://ae01.alicdn.com/kf/H39aea7d716134abaa8a9c4d0ca85622fn/New-Grain-Sheep-Shearer-Women-s-All-Wool-Fur-Coat-In-The-Spring-of-2021-Loose.jpg_220x220.jpg,"https://ae04.alicdn.com/kf/H39aea7d716134abaa8a9c4d0ca85622fn.jpg,https://ae04.alicdn.com/kf/H234c3a843fee4eeca003d9f086b9b166O.jpg,https://ae04.alicdn.com/kf/H86ee5c5ed8e84f4f9e743f55625493d54.jpg,https://ae04.alicdn.com/kf/H96d2d52d29024ecd9242ce239c733e2a9.jpg,https://ae04.alicdn.com/kf/H63f8a0b3049a4c509f588e2488b015f83.jpg,",https://www.aliexpress.com/item/1005002276653759.html,129.99,116.99,9.00%,2098-12-31,10%,https://s.click.aliexpress.com/e/_AKTvUQ
Real Fur,200003908,High Quality White Duck Down Hooded Jacket Thick Warm Women 2021 New Fox Hair Collar Medium Length Real Fur Pink Cute Coat,1005002275887834,https://ae01.alicdn.com/kf/H321e5f2a05aa48878970841f880b4b53f/High-Quality-White-Duck-Down-Hooded-Jacket-Thick-Warm-Women-2021-New-Fox-Hair-Collar-Medium.jpg_220x220.jpg,"https://ae04.alicdn.com/kf/H321e5f2a05aa48878970841f880b4b53f.jpg,https://ae04.alicdn.com/kf/H68a84f1680b84e64972f9cf36c4f9a78j.jpg,https://ae04.alicdn.com/kf/Hb924dd2c154b486e938b3f62392ddd55o.jpg,https://ae04.alicdn.com/kf/H72670de8e3fb416f830ada478a31aadfB.jpg,https://ae04.alicdn.com/kf/H27c8b9c7b5f84412982183156be0b0b30.jpg,",https://www.aliexpress.com/item/1005002275887834.html,169.99,152.99,9.00%,2098-12-31,10%,https://s.click.aliexpress.com/e/_AAI726
Real Fur,200003908,Winter Slim Women Wool Fur Coat Fashion Short Cashmere Jacket Simple Multicolor Options Sexy V-Neck Pocket Female Warm Clothes,1005002002119985,https://ae01.alicdn.com/kf/H902da966f1a44ed9b8187ca4ad3b6366J/Winter-Slim-Women-Wool-Fur-Coat-Fashion-Short-Cashmere-Jacket-Simple-Multicolor-Options-Sexy-V-Neck.jpg_220x220.jpg,"https://ae04.alicdn.com/kf/H902da966f1a44ed9b8187ca4ad3b6366J.jpg,https://ae04.alicdn.com/kf/Hf2b0ef1e575b4f61bd9f201fdea58300n.jpg,https://ae04.alicdn.com/kf/Hd9c0f35e83eb49c1946062be523698d41.jpg,https://ae04.alicdn.com/kf/H2d8b94a158434f8c98208eacee32cc17b.jpg,https://ae04.alicdn.com/kf/H244add5519af4f5cb814bb95e1e99775v.jpg,",https://www.aliexpress.com/item/1005002002119985.html,125.99,119.69,9.00%,2098-12-31,5%,https://s.click.aliexpress.com/e/_9Jtwlk
Real Fur,200003908,New Winter Cashmere Coat Women's Long Small Fragrance Female Fashion Grain Lamb Fur Grass Black Business Overcoat Thick Warm,1005002306166473,https://ae01.alicdn.com/kf/Hd25a3cddb0a64f328c09f5034cf8ddd3l/New-Winter-Cashmere-Coat-Women-s-Long-Small-Fragrance-Female-Fashion-Grain-Lamb-Fur-Grass-Black.jpg_220x220.jpg,"https://ae04.alicdn.com/kf/Hd25a3cddb0a64f328c09f5034cf8ddd3l.jpg,https://ae04.alicdn.com/kf/H3cb0de5f9bde4c8989af838dab1a3116p.jpg,https://ae04.alicdn.com/kf/H499bf08204e84de6ae01a521511ddf1eU.jpg,https://ae04.alicdn.com/kf/Hb3598475fdf44b368033ce8cff3848b77.jpg,https://ae04.alicdn.com/kf/H070cdab418144762bdc8b100272533b0l.jpg,",https://www.aliexpress.com/item/1005002306166473.html,209.99,188.99,9.00%,2098-12-31,10%,https://s.click.aliexpress.com/e/_AkqgQm
Real Fur,200003908,High End New Winter Fox Collar Coat Rex Rabbit Original Ecological Fur One Women's Jacket  Luxury Long Style Asymmetry Overcoat,1005002277495116,https://ae01.alicdn.com/kf/Ha9b0f7e9ccde4fcf8116e4e48f627c467/High-End-New-Winter-Fox-Collar-Coat-Rex-Rabbit-Original-Ecological-Fur-One-Women-s-Jacket.jpg_220x220.jpg,"https://ae04.alicdn.com/kf/Ha9b0f7e9ccde4fcf8116e4e48f627c467.jpg,https://ae04.alicdn.com/kf/H45fc01f1c3d3418a8e585d700ac801ddR.jpg,https://ae04.alicdn.com/kf/H7ac63e3aab0e4002b18504bcc8c1675bX.jpg,https://ae04.alicdn.com/kf/H2a11f66372d942f28f5f619d776a5326c.jpg,https://ae04.alicdn.com/kf/Ha8a0d1d5cc844b0790334f001a70213bF.jpg,",https://www.aliexpress.com/item/1005002277495116.html,569.99,552.89,9.00%,2098-12-31,3%,https://s.click.aliexpress.com/e/_AXLDpC
Real Fur,200003908,Spring Rabbit Fur Liner Hooded Long Parka Lady Fox Fur Collar Fur Coat Winter Warm Thick Pink High Quality Outwear Loose Clothes,1005002275648963,https://ae01.alicdn.com/kf/H785d720130e2430c85b4818b05b8e245i/Spring-Rabbit-Fur-Liner-Hooded-Long-Parka-Lady-Fox-Fur-Collar-Fur-Coat-Winter-Warm-Thick.jpg_220x220.jpg,"https://ae04.alicdn.com/kf/H785d720130e2430c85b4818b05b8e245i.jpg,https://ae04.alicdn.com/kf/Hc66237f21fe04d1dbcbc56ffadc8bb8bt.jpg,https://ae04.alicdn.com/kf/H8dcf4920e8254da2a768cb40bcb17246F.jpg,https://ae04.alicdn.com/kf/H031eed5c15304ea9bb9d183952c2abd96.jpg,https://ae04.alicdn.com/kf/H9f99d3779236497fbcc216c00c42299cj.jpg,",https://www.aliexpress.com/item/1005002275648963.html,149.99,134.99,9.00%,2098-12-31,10%,https://s.click.aliexpress.com/e/_9zPT4e
Real Fur,200003908,Real Fox Fur Grass and Raccoon Dog Fashion Stitching Contrast Medium Length Vest Fashion High Quality Temperament Winter Coat,1005002287222746,https://ae01.alicdn.com/kf/H674f8203c09f4c5f96f58e614eb33e35P/Real-Fox-Fur-Grass-and-Raccoon-Dog-Fashion-Stitching-Contrast-Medium-Length-Vest-Fashion-High-Quality.jpg_220x220.jpg,"https://ae04.alicdn.com/kf/H674f8203c09f4c5f96f58e614eb33e35P.jpg,https://ae04.alicdn.com/kf/Hd1c4f3a3c0dd474dab5d1cb37ef36e333.jpg,https://ae04.alicdn.com/kf/Hf72a0e67108149cd8e744dcc1377843cM.jpg,https://ae04.alicdn.com/kf/H392a095296a94dcda59f8593e4e34ffdo.jpg,https://ae04.alicdn.com/kf/H51cf020418c442139817a3114fdf3367F.jpg,",https://www.aliexpress.com/item/1005002287222746.html,459.99,446.19,9.00%,2098-12-31,3%,https://s.click.aliexpress.com/e/_99wPi6
Real Fur,200003908,Wool Fur Coat Women's New Loose Cashmere Jacket In Spring 2021 Mid-Length White Thick Warm High Quality Outwear Wide-waisted,1005002276675188,https://ae01.alicdn.com/kf/H5a18546c30514903a254c922d1f65c7bP/Wool-Fur-Coat-Women-s-New-Loose-Cashmere-Jacket-In-Spring-2021-Mid-Length-White-Thick.jpg_220x220.jpg,"https://ae04.alicdn.com/kf/H5a18546c30514903a254c922d1f65c7bP.jpg,https://ae04.alicdn.com/kf/H4202773a0fe34fec8893c5ef9a2d595du.jpg,https://ae04.alicdn.com/kf/H84e95e372a844e1fb9c4af7b1f280c63l.jpg,https://ae04.alicdn.com/kf/H3284b7602cdc48e0a088b608f573b06eq.jpg,https://ae04.alicdn.com/kf/Hfb359c238b4840d1a6bdd5b1613cc5fbm.jpg,",https://www.aliexpress.com/item/1005002276675188.html,129.99,116.99,9.00%,2098-12-31,10%,https://s.click.aliexpress.com/e/_AEQIdU
Real Fur,200003908,Autumn Winter New Women's Middle Long Full Pelt Fox Fur Grass Vest Jacket Young Style Simple White Sleeveless Thick Warm Vest,1005002277382152,https://ae01.alicdn.com/kf/H651f0fe7a2754b11bc2dab1030288552I/Autumn-Winter-New-Women-s-Middle-Long-Full-Pelt-Fox-Fur-Grass-Vest-Jacket-Young-Style.jpg_220x220.jpg,"https://ae04.alicdn.com/kf/H651f0fe7a2754b11bc2dab1030288552I.jpg,https://ae04.alicdn.com/kf/Hd9c681ab413e43c89154d63539cd07b0s.jpg,https://ae04.alicdn.com/kf/H4905e13fe3c24916b09f2499f532da0fW.jpg,https://ae04.alicdn.com/kf/H84bc7f4efcd6436aad7fbad59201f8e6v.jpg,https://ae04.alicdn.com/kf/Hc2a66c5564ec4f28a8ad07d7fbf62927e.jpg,",https://www.aliexpress.com/item/1005002277382152.html,379.99,368.59,9.00%,2098-12-31,3%,https://s.click.aliexpress.com/e/_AWdmqO
Real Fur,200003908,Winter Natural Rabbit 's Hair Double-faced Fur Integrated Mink Collar Coat Wool Liner Mid Long Full Pelt Real Leather Overcoat,1005002277553749,https://ae01.alicdn.com/kf/H0c41ad83ec8f425fb921bda25c257cf6r/Winter-Natural-Rabbit-s-Hair-Double-faced-Fur-Integrated-Mink-Collar-Coat-Wool-Liner-Mid-Long.jpg_220x220.jpg,"https://ae04.alicdn.com/kf/H0c41ad83ec8f425fb921bda25c257cf6r.jpg,https://ae04.alicdn.com/kf/H9d9f228b44d243d7baa1514dceb26b267.jpg,https://ae04.alicdn.com/kf/H3edcb0582bcd48e699a3a5ad4a38ff93r.jpg,https://ae04.alicdn.com/kf/H041ca142232a463c9906296fb401602eQ.jpg,https://ae04.alicdn.com/kf/H993656debe354cddae637cdaf231352bL.jpg,",https://www.aliexpress.com/item/1005002277553749.html,509.99,494.69,9.00%,2098-12-31,3%,https://s.click.aliexpress.com/e/_9HsbGm
Real Fur,200003908,Natural Rabbit Double-faced Fur Integrated Mink Collar Coat Wool Liner Mid Long Full Pelt Real Leather Overcoat for Slim Winter,1005002277565305,https://ae01.alicdn.com/kf/H58db8d1fdcd94b4e80de5d6980c582dd6/Natural-Rabbit-Double-faced-Fur-Integrated-Mink-Collar-Coat-Wool-Liner-Mid-Long-Full-Pelt-Real.jpg_220x220.jpg,"https://ae04.alicdn.com/kf/H58db8d1fdcd94b4e80de5d6980c582dd6.jpg,https://ae04.alicdn.com/kf/H2c6d286257e84e6aab3dc023b87d0998n.jpg,https://ae04.alicdn.com/kf/H095ce4d55cf94c0a8bca2d9924e393d4E.jpg,https://ae04.alicdn.com/kf/H7bfa80a0bb8c4fe896fd8ab34cabd623U.jpg,https://ae04.alicdn.com/kf/H736e0cea21ec4d6ea0dd627f13f9e26ex.jpg,",https://www.aliexpress.com/item/1005002277565305.html,539.99,523.79,9.00%,2098-12-31,3%,https://s.click.aliexpress.com/e/_A2MKBC
Real Fur,200003908,Black Sheepskin Fur Oversized Coat Spain Imported Tuscany One Fur Straight Women's Winter 2021 Long Warm Double Breasted Jacket,1005002248535896,https://ae01.alicdn.com/kf/He71ddaf392614ae1acb58f144c5c7681O/Black-Sheepskin-Fur-Oversized-Coat-Spain-Imported-Tuscany-One-Fur-Straight-Women-s-Winter-2021-Long.jpg_220x220.jpg,"https://ae04.alicdn.com/kf/He71ddaf392614ae1acb58f144c5c7681O.jpg,https://ae04.alicdn.com/kf/H73045cfc181841abadf417d019a88dfc0.jpg,https://ae04.alicdn.com/kf/H1093d98d46604816a3bc9c0fba8e354ex.jpg,https://ae04.alicdn.com/kf/Hfe23dc25a49045879f34379c791fe5b84.jpg,https://ae04.alicdn.com/kf/H0536e0ba8b864edb94165c2398e4f9146.jpg,",https://www.aliexpress.com/item/1005002248535896.html,999.99,719.99,9.00%,2098-12-31,28%,https://s.click.aliexpress.com/e/_9f2K94
Real Fur,200003908,ZY88042 2017 New Arrival Fashion Women Real Full Pelt  Rabbit Fur Mandarin Collar Zipper Fur Vest Sleeveless Jacket Gilet,32808844350,https://ae01.alicdn.com/kf/HTB1XecfQVXXXXcwXXXXq6xXFXXXX/ZY88042-2017-New-Arrival-Fashion-Women-Real-Full-Pelt-Rabbit-Fur-Mandarin-Collar-Zipper-Fur-Vest.jpg_220x220.jpg,"https://ae04.alicdn.com/kf/HTB1XecfQVXXXXcwXXXXq6xXFXXXX.jpg,https://ae04.alicdn.com/kf/HTB1Xv2WQVXXXXXXXVXXq6xXFXXX5.jpg,https://ae04.alicdn.com/kf/HTB1P6H8QVXXXXcsXpXXq6xXFXXXN.jpg,https://ae04.alicdn.com/kf/HTB1EkrwQVXXXXbRapXXq6xXFXXXL.jpg,https://ae04.alicdn.com/kf/HTB17pQaQVXXXXaQXpXXq6xXFXXXm.jpg,",https://www.aliexpress.com/item/32808844350.html,77.00,45.43,9.00%,2098-12-31,41%,https://s.click.aliexpress.com/e/_AbFgYE
Real Fur,200003908,ZY88009 Осень подлинный натуральных мех кролика Меховой жилет воротник стойка зимний женский меховой жилет женская верхняя оде,32800827047,https://ae01.alicdn.com/kf/HTB1NlI8PVXXXXbEaXXXq6xXFXXXr/ZY88009-Осень-подлинный-натуральных-мех-кролика-Меховой-жилет-воротник-стойка-зимний-женский-меховой-жилет-женская-верхняя.jpg_220x220.jpg,"https://ae04.alicdn.com/kf/HTB1NlI8PVXXXXbEaXXXq6xXFXXXr.jpg,https://ae04.alicdn.com/kf/HTB1Iks0PVXXXXcnapXXq6xXFXXXe.jpg,https://ae04.alicdn.com/kf/HTB1jSxjQXXXXXaMXVXXq6xXFXXXj.jpg,https://ae04.alicdn.com/kf/HTB1JBhnQXXXXXccXFXXq6xXFXXX8.jpg,https://ae04.alicdn.com/kf/HTB1caQ0PVXXXXaSapXXq6xXFXXX9.jpg,",https://www.aliexpress.com/item/32800827047.html,55.00,38.50,9.00%,2098-12-31,30%,https://s.click.aliexpress.com/e/_AOoCvc
Real Fur,200003908,QIUSHAN Autumn Lady Genuine Natural Fur Rabbit Fur Vest Mandarin Collar Winter Women Fur Waistcoat Female Outerwear Coats Gilet,32808632009,https://ae01.alicdn.com/kf/HTB1VZHyQVXXXXaaXVXXq6xXFXXXM/QIUSHAN-Autumn-Lady-Genuine-Natural-Fur-Rabbit-Fur-Vest-Mandarin-Collar-Winter-Women-Fur-Waistcoat-Female.jpg_220x220.jpg,"https://ae04.alicdn.com/kf/HTB1VZHyQVXXXXaaXVXXq6xXFXXXM.jpg,https://ae04.alicdn.com/kf/HTB1fVv0QVXXXXcuXXXXq6xXFXXXO.jpg,https://ae04.alicdn.com/kf/HTB1fz_TQVXXXXbqXpXXq6xXFXXXU.jpg,https://ae04.alicdn.com/kf/HTB10fYYQVXXXXaPXpXXq6xXFXXXH.jpg,https://ae04.alicdn.com/kf/HTB12TD0QVXXXXcPXXXXq6xXFXXXs.jpg,",https://www.aliexpress.com/item/32808632009.html,64.00,38.40,9.00%,2098-12-31,40%,https://s.click.aliexpress.com/e/_98lbOE
Real Fur,200003908,New HOOD arrival real fox fur long sleeve collar women winter short coat Fashion model High quality fox fur coat,4001267350222,https://ae01.alicdn.com/kf/H344d57fee4ad49d5a9ecf446f88f4a51D/New-HOOD-arrival-real-fox-fur-long-sleeve-collar-women-winter-short-coat-Fashion-model-High.jpg_220x220.jpg,"https://ae04.alicdn.com/kf/H344d57fee4ad49d5a9ecf446f88f4a51D.jpg,https://ae04.alicdn.com/kf/H698000b98fce4ee0824075daa4f4c5b1e.jpg,https://ae04.alicdn.com/kf/Hefcd2b2efd2a4856bac02bb41ab8f362K.jpg,https://ae04.alicdn.com/kf/Hd493c87ce5b24c918dfaa01c76d4445bT.jpg,https://ae04.alicdn.com/kf/H866aa7a65a2f434fb5660a568df94aa3H.jpg,",https://www.aliexpress.com/item/4001267350222.html,379.00,189.50,9.00%,2098-12-31,50%,https://s.click.aliexpress.com/e/_AaPjFG
Real Fur,200003908,2020 Women Autumn and Winter New Mink Fur Coat H17,1005001658035390,https://ae01.alicdn.com/kf/Hbeca8886901b467fa32cb4d2e580c005D/2020-Women-Autumn-and-Winter-New-Mink-Fur-Coat-H17.jpg_220x220.jpg,"https://ae04.alicdn.com/kf/Hbeca8886901b467fa32cb4d2e580c005D.jpg,https://ae04.alicdn.com/kf/H418cf2b6a2df43509e923a0a0b3b318e1.jpg,https://ae04.alicdn.com/kf/Ha70f2208144f4cc6bd9652dbe0b7e947h.jpg,https://ae04.alicdn.com/kf/H0a292d4aab024e42b654ff6d443e8776l.jpg,https://ae04.alicdn.com/kf/H6f03a68cfbff462ab7ccb734fdaa9959x.jpg,",https://www.aliexpress.com/item/1005001658035390.html,118.00,112.10,9.00%,2098-12-31,5%,https://s.click.aliexpress.com/e/_A7BqVk
Real Fur,200003908,ZY88041-1 Осень подлинный натуральных мех кролика Меховой жилет воротник стойка зимний женский меховой жилет женская верхняя оде,32826203539,https://ae01.alicdn.com/kf/HTB1N8c6SpXXXXbUaXXXq6xXFXXX2/ZY88041-1-Осень-подлинный-натуральных-мех-кролика-Меховой-жилет-воротник-стойка-зимний-женский-меховой-жилет-женская.jpg_220x220.jpg,"https://ae04.alicdn.com/kf/HTB1N8c6SpXXXXbUaXXXq6xXFXXX2.jpg,https://ae04.alicdn.com/kf/HTB1_gFtSFXXXXXMXFXXq6xXFXXX5.jpg,https://ae04.alicdn.com/kf/HTB1OHRtSFXXXXXzXFXXq6xXFXXXj.jpg,https://ae04.alicdn.com/kf/HTB124xzSFXXXXbXXpXXq6xXFXXXv.jpg,https://ae04.alicdn.com/kf/HTB15RAPSpXXXXaAaFXXq6xXFXXXf.jpg,",https://www.aliexpress.com/item/32826203539.html,55.00,33.00,9.00%,2098-12-31,40%,https://s.click.aliexpress.com/e/_9Rd8CE
Real Fur,200003908,NEW 2020 Winter Jacket Women Real Fur Coat Natural Fluffy Fox Fur Outerwear Streetwear Warm Removable Vest Detachable,4001115532231,https://ae01.alicdn.com/kf/Hdd04d1000b854305a19c5013e5de606ei/NEW-2020-Winter-Jacket-Women-Real-Fur-Coat-Natural-Fluffy-Fox-Fur-Outerwear-Streetwear-Warm-Removable.jpg_220x220.jpg,"https://ae04.alicdn.com/kf/Hdd04d1000b854305a19c5013e5de606ei.jpg,https://ae04.alicdn.com/kf/H8022352067a2461888c52dcf14663261V.jpg,https://ae04.alicdn.com/kf/H01beecf98f03420a9381fa3cc2256bc1V.jpg,https://ae04.alicdn.com/kf/He34b30ee749345d89890a9aa42163692J.jpg,https://ae04.alicdn.com/kf/H561c8315a5f34ff5a1411d4496c0f9382.jpg,",https://www.aliexpress.com/item/4001115532231.html,378.00,189.00,9.00%,2098-12-31,50%,https://s.click.aliexpress.com/e/_AmWJoW
Real Fur,200003908,Hot Sale Thick Real Fox Fur Coat with Genuine Sheepskin Leather Long Sleeves Short Jacket Outerwear,4000780685626,https://ae01.alicdn.com/kf/Ha171b931e7194a03882bb02f3b06fbba7/Hot-Sale-Thick-Real-Fox-Fur-Coat-with-Genuine-Sheepskin-Leather-Long-Sleeves-Short-Jacket-Outerwear.jpg_220x220.jpg,"https://ae04.alicdn.com/kf/Ha171b931e7194a03882bb02f3b06fbba7.jpg,https://ae04.alicdn.com/kf/H0e65cb173e8840689f3af0f11e13ed45v.jpg,https://ae04.alicdn.com/kf/Hfeba56dc9ef546f9b23d619caaf670797.jpg,https://ae04.alicdn.com/kf/Hc727aae2b022419d8c33014cccf86f25R.jpg,https://ae04.alicdn.com/kf/H05ed14df369a4fafb9e3bb10130913f4K.jpg,",https://www.aliexpress.com/item/4000780685626.html,379.00,189.50,9.00%,2098-12-31,50%,https://s.click.aliexpress.com/e/_AZ7n10
Real Fur,200003908,Fashion Women Spring Autumn Real Fur Coat Lady's V-neck Real Mongolia Sheep Fur Short Outwear Coat,1005002214146935,https://ae01.alicdn.com/kf/H916671998622483981d218c58451168bB/Fashion-Women-Spring-Autumn-Real-Fur-Coat-Lady-s-V-neck-Real-Mongolia-Sheep-Fur-Short.jpg_220x220.jpg,"https://ae04.alicdn.com/kf/H916671998622483981d218c58451168bB.jpg,https://ae04.alicdn.com/kf/H94b27fa1a89c40c5af1cf746276c0234l.jpg,https://ae04.alicdn.com/kf/Hdbc4c0eb0b19483cb7baa39c655b92fbE.jpg,https://ae04.alicdn.com/kf/H24a4e398ace140fc8e8a8e6e64ef9bcfm.jpg,https://ae04.alicdn.com/kf/H3c7212998bd64b2a87633c187a5e8294d.jpg,",https://www.aliexpress.com/item/1005002214146935.html,309.98,154.99,9.00%,2098-12-31,50%,https://s.click.aliexpress.com/e/_9vcpE2
Real Fur,200003908,Winter 2020 new women's artificial rabbit fur coat loose long fur coat large hooded/high-necked coat coat thick warm female,1005002104079478,https://ae01.alicdn.com/kf/H1699d0a7950d4acfb7913bc7794d630fq/Winter-2020-new-women-s-artificial-rabbit-fur-coat-loose-long-fur-coat-large-hooded-high.jpg_220x220.jpg,"https://ae04.alicdn.com/kf/H1699d0a7950d4acfb7913bc7794d630fq.jpg,https://ae04.alicdn.com/kf/Ha2ef86e1bb13402699d70ec5e9439ebdD.jpg,https://ae04.alicdn.com/kf/Hc2c8dac8deb341ad887f96e63d19c0fcw.jpg,https://ae04.alicdn.com/kf/H4974c965f67543ceba7238c58aa28443f.jpg,https://ae04.alicdn.com/kf/H9f60c8dbf1584be2ad644bd7939d9fcdY.jpg,",https://www.aliexpress.com/item/1005002104079478.html,193.34,92.80,9.00%,2098-12-31,52%,https://s.click.aliexpress.com/e/_AqCXLk
Real Fur,200003908,2020 foreign trade new style winter imported fox fur coat female mid-length whole fur coat,1005002211733469,https://ae01.alicdn.com/kf/H1b2e4171ed974e8bae5cd909ef68c000S/2020-foreign-trade-new-style-winter-imported-fox-fur-coat-female-mid-length-whole-fur-coat.jpg_220x220.jpg,"https://ae04.alicdn.com/kf/H1b2e4171ed974e8bae5cd909ef68c000S.jpg,https://ae04.alicdn.com/kf/H45e55ad420fc45ef8806ae6e73195cfbF.jpg,https://ae04.alicdn.com/kf/H5f1062f98a1c4d5eb53e86fa5ebb838d1.jpg,https://ae04.alicdn.com/kf/Hbec6ce222a0f4a948d71a38eb790af7fA.jpg,https://ae04.alicdn.com/kf/H2805ee2383ef4ec1b1e52d73b74127ac4.jpg,",https://www.aliexpress.com/item/1005002211733469.html,114.60,55.01,9.00%,2098-12-31,52%,https://s.click.aliexpress.com/e/_9i26Vc
Real Fur,200003908,Discount Hot Sale Natural Super Soft Fox Fur Waistcoat Classical Fox Fur Vest,1005002150099557,https://ae01.alicdn.com/kf/H4f9cf9874af8410b80d0c4e35e92c620X/Discount-Hot-Sale-Natural-Super-Soft-Fox-Fur-Waistcoat-Classical-Fox-Fur-Vest.jpg_220x220.jpg,"https://ae04.alicdn.com/kf/H4f9cf9874af8410b80d0c4e35e92c620X.jpg,https://ae04.alicdn.com/kf/H0a006003331e4f738280299fea6a5169f.jpg,https://ae04.alicdn.com/kf/H94f089acc28f4af1a51ee28f5f8672cfU.jpg,https://ae04.alicdn.com/kf/H450c4b11b2b848cda1a1fc91fc4461c1m.jpg,https://ae04.alicdn.com/kf/H8289fd10058c4e2cb9c01e548e39e2cak.jpg,",https://www.aliexpress.com/item/1005002150099557.html,312.50,156.25,9.00%,2098-12-31,50%,https://s.click.aliexpress.com/e/_AnraHy
Real Fur,200003908,2020 Women Autumn and Winter New Mink Fur Coat H9,1005001423487912,https://ae01.alicdn.com/kf/H0a00360c1dd545f7b6965002e9211973E/2020-Women-Autumn-and-Winter-New-Mink-Fur-Coat-H9.jpg_220x220.jpg,"https://ae04.alicdn.com/kf/H0a00360c1dd545f7b6965002e9211973E.jpg,https://ae04.alicdn.com/kf/Hb0f026bf061d48ee8bac1bb060ba366b5.jpg,https://ae04.alicdn.com/kf/He685940ec8174633a0fdb0d632760c77Q.jpg,https://ae04.alicdn.com/kf/He054bfbc1fda401192159c1b3bb515e9r.jpg,https://ae04.alicdn.com/kf/H36e8b543b72d4e0e9899be856c75424bU.jpg,",https://www.aliexpress.com/item/1005001423487912.html,138.00,124.20,9.00%,2098-12-31,10%,https://s.click.aliexpress.com/e/_9u4BSw
Real Fur,200003908,New Cashmere Fur Coat Women's Short Grain Down 100% Wool Jacket Female Office Spring Autumn Belt Double-faced Fur Slim Outwear,1005002085183197,https://ae01.alicdn.com/kf/H8b2e8e25896f42d3b6326ae4cfd9a2b2D/New-Cashmere-Fur-Coat-Women-s-Short-Grain-Down-100-Wool-Jacket-Female-Office-Spring-Autumn.jpg_220x220.jpg,"https://ae04.alicdn.com/kf/H8b2e8e25896f42d3b6326ae4cfd9a2b2D.jpg,https://ae04.alicdn.com/kf/Hcc9c9604a78c439ea06f2b21efbbd942L.jpg,https://ae04.alicdn.com/kf/H1732884efe234ca28d0c12b7efa6c99cU.jpg,https://ae04.alicdn.com/kf/H50fe937198b94e3e85c3d968d92e6df4U.jpg,https://ae04.alicdn.com/kf/H9402e1b5e6744b9f96a49b50e23956569.jpg,",https://www.aliexpress.com/item/1005002085183197.html,129.99,123.49,9.00%,2098-12-31,5%,https://s.click.aliexpress.com/e/_A5sNjG
Real Fur,200003908,High Quality Cashmere Coat Women's Korean Color Matching Fox Collar Wool Fur Jacket Female Office Thick Warm Fashion Outwear,1005002086138163,https://ae01.alicdn.com/kf/Hf96ebec78cca46e6b7f4c4f6c936cc30n/High-Quality-Cashmere-Coat-Women-s-Korean-Color-Matching-Fox-Collar-Wool-Fur-Jacket-Female-Office.jpg_220x220.jpg,"https://ae04.alicdn.com/kf/Hf96ebec78cca46e6b7f4c4f6c936cc30n.jpg,https://ae04.alicdn.com/kf/H01f3dafc50554cd4852ba0f27bedda5aQ.jpg,https://ae04.alicdn.com/kf/Hebcfe7253487405b8f16deff1b5e0edfu.jpg,https://ae04.alicdn.com/kf/H28b7ac54a28147bfb90f23c634ea2d9fP.jpg,https://ae04.alicdn.com/kf/H082bd737d60945739acb00edcaab8274D.jpg,",https://www.aliexpress.com/item/1005002086138163.html,279.99,265.99,9.00%,2098-12-31,5%,https://s.click.aliexpress.com/e/_ASvYy2
Real Fur,200003908,2020 Fashion Hot Sale Vest Women's Natural Fox Fur Short Sleeveless Winter Genuine Waistcoat Gilet Coat Jacket,1005002228322736,https://ae01.alicdn.com/kf/H512d547c660c45138960e0b5acf10584R/2020-Fashion-Hot-Sale-Vest-Women-s-Natural-Fox-Fur-Short-Sleeveless-Winter-Genuine-Waistcoat-Gilet.jpg_220x220.jpg,"https://ae04.alicdn.com/kf/H512d547c660c45138960e0b5acf10584R.jpg,https://ae04.alicdn.com/kf/H4b27602dcce34db881ae8ff75eafc1ffG.jpg,https://ae04.alicdn.com/kf/H7ac311e75c44431bac65dcfb866f2aa1z.jpg,https://ae04.alicdn.com/kf/H5434a5e8d9254d7599fc705e8f5506baT.jpg,https://ae04.alicdn.com/kf/H1922973646d74d47a46fbd59ea85f0edK.jpg,",https://www.aliexpress.com/item/1005002228322736.html,359.98,179.99,9.00%,2098-12-31,50%,https://s.click.aliexpress.com/e/_9jYVP8
Real Fur,200003908,WholeSale High Quality Women Lady Winter Thick Sleeveless Natural Real Fox Fur Vest Medium Style Fox Fur Vest rfv1,1005002228502833,https://ae01.alicdn.com/kf/H704bdb62325c4a43bbf8d8a87d460620H/WholeSale-High-Quality-Women-Lady-Winter-Thick-Sleeveless-Natural-Real-Fox-Fur-Vest-Medium-Style-Fox.jpg_220x220.jpg,"https://ae04.alicdn.com/kf/H704bdb62325c4a43bbf8d8a87d460620H.jpg,https://ae04.alicdn.com/kf/Hdeb43dac8b544212bfe6c55658a34c93P.jpg,https://ae04.alicdn.com/kf/H809e897b8d1b4529920a3b659145e30ak.jpg,https://ae04.alicdn.com/kf/H85fbca7f1c24484ca4f7dfe27a80a1cah.jpg,https://ae04.alicdn.com/kf/Ha42fd7e8fa54496393af90f207ee36986.jpg,",https://www.aliexpress.com/item/1005002228502833.html,439.98,219.99,9.00%,2098-12-31,50%,https://s.click.aliexpress.com/e/_Ao8xgW
Real Fur,200003908,New Women's Real Fox Fur Coat Female Genuine Sheepskin Leather Jacket Winter Thick Warm Fur Lady's Outerwear,1005002047479750,https://ae01.alicdn.com/kf/H2ba4891dd4104ea4b13ee6cb108b8c2c9/New-Women-s-Real-Fox-Fur-Coat-Female-Genuine-Sheepskin-Leather-Jacket-Winter-Thick-Warm-Fur.jpg_220x220.jpg,"https://ae04.alicdn.com/kf/H2ba4891dd4104ea4b13ee6cb108b8c2c9.jpg,https://ae04.alicdn.com/kf/Hbc4315a12a21425997db40ffd9a46997V.jpg,https://ae04.alicdn.com/kf/Hfadf1f11d8a9486e80c4e879e80ab9c9E.jpg,https://ae04.alicdn.com/kf/Haae48046dab0416899b7d20c610e3622u.jpg,https://ae04.alicdn.com/kf/Hd5d68d3e8e4f4ded92db0004f10d4232Y.jpg,",https://www.aliexpress.com/item/1005002047479750.html,458.99,229.50,40.00%,2098-12-31,50%,https://s.click.aliexpress.com/e/_A6LtCI
Real Fur,200003908,2019 New Winter 100% Real Fox Fur Coat Genuine Fox Fur Natural Fur Short Cape Shawl Coat for Women Outdoor Fur Coat Luxury,4000266252753,https://ae01.alicdn.com/kf/H153b01f2da074c1a937a6aed2ee5c826V/2019-New-Winter-100-Real-Fox-Fur-Coat-Genuine-Fox-Fur-Natural-Fur-Short-Cape-Shawl.jpg_220x220.jpg,"https://ae04.alicdn.com/kf/H153b01f2da074c1a937a6aed2ee5c826V.jpg,https://ae04.alicdn.com/kf/Hd7a481563131406bb8723fbaa5186f50V.jpg,https://ae04.alicdn.com/kf/H09420b700a9c4093b84e5d317ce9c33ax.jpg,https://ae04.alicdn.com/kf/H7e5140f6ec0849df9644589b2525f975p.jpg,https://ae04.alicdn.com/kf/Ha5719401dca24406bf9560d20ef777176.jpg,",https://www.aliexpress.com/item/4000266252753.html,295.71,207.00,9.00%,2098-12-31,30%,https://s.click.aliexpress.com/e/_ADptfc
Real Fur,200003908,Lady's Real Sliver Fox Fur Short Waistcoat Sleeveless Genuine Sheepskin Leather Real Fox Fur Gilet,1005002268870147,https://ae01.alicdn.com/kf/Hf662303788ac422990c9d9652da7ef41F/Lady-s-Real-Sliver-Fox-Fur-Short-Waistcoat-Sleeveless-Genuine-Sheepskin-Leather-Real-Fox-Fur-Gilet.jpg_220x220.jpg,"https://ae04.alicdn.com/kf/Hf662303788ac422990c9d9652da7ef41F.jpg,https://ae04.alicdn.com/kf/H40da070483e7414e916676bc0afac047x.jpg,https://ae04.alicdn.com/kf/Ha81ae3e05fbc492bb575d985899d2f7cJ.jpg,https://ae04.alicdn.com/kf/H2ab89de680064ad28c5228662e6ae284t.jpg,https://ae04.alicdn.com/kf/H16f39c655d224ca1a0d1912b79627775F.jpg,",https://www.aliexpress.com/item/1005002268870147.html,449.98,224.99,9.00%,2098-12-31,50%,https://s.click.aliexpress.com/e/_ANUFMA
Real Fur,200003908,ZY89009 New Design  Special Color Ladies Luxury  Real Mink Fur With Mink Fur Hooede Women Winter Long Fur Jacket Fur Coat,32802213768,https://ae01.alicdn.com/kf/HTB1crGjQpXXXXc9XFXXq6xXFXXXB/ZY89009-New-Design-Special-Color-Ladies-Luxury-Real-Mink-Fur-With-Mink-Fur-Hooede-Women-Winter.jpg_220x220.jpg,"https://ae04.alicdn.com/kf/HTB1crGjQpXXXXc9XFXXq6xXFXXXB.jpg,https://ae04.alicdn.com/kf/HTB1VaWtQpXXXXbcXFXXq6xXFXXXH.jpg,https://ae04.alicdn.com/kf/HTB1ajR2QpXXXXaoapXXq6xXFXXXv.jpg,https://ae04.alicdn.com/kf/HTB1vuGAQpXXXXbAXpXXq6xXFXXXe.jpg,https://ae04.alicdn.com/kf/HTB1VAOOQpXXXXaeXXXXq6xXFXXXc.jpg,",https://www.aliexpress.com/item/32802213768.html,"2,395.00","1,916.00",9.00%,2098-12-31,20%,https://s.click.aliexpress.com/e/_9wKkcw
Real Fur,200003908,2020 New Lady's Fashion Winter Natural Real Gold Fox Fur Vest Jacket Waistcoat with Genuine Sheepskin Leather,1005002213737689,https://ae01.alicdn.com/kf/Hafed9fec85b2483f8a779a1997c14f88m/2020-New-Lady-s-Fashion-Winter-Natural-Real-Gold-Fox-Fur-Vest-Jacket-Waistcoat-with-Genuine.jpg_220x220.jpg,"https://ae04.alicdn.com/kf/Hafed9fec85b2483f8a779a1997c14f88m.jpg,https://ae04.alicdn.com/kf/Hbba077b4bc864bf1b1405b391b3a5d7fw.jpg,https://ae04.alicdn.com/kf/H19add09650824e6eaf34d98127e6d198O.jpg,https://ae04.alicdn.com/kf/Hee724599822643998911767ca4d849fcR.jpg,https://ae04.alicdn.com/kf/Hcad349c693f2440b941d63147b495506e.jpg,",https://www.aliexpress.com/item/1005002213737689.html,319.98,159.99,9.00%,2098-12-31,50%,https://s.click.aliexpress.com/e/_ArOS5G
Real Fur,200003908,2021 New Women's Winter Real Fur Coat High Quality  Natural Fox Fur Vest Fashion Luxurious Warm Sleeveless Dark buckle jacket,1005002165567440,https://ae01.alicdn.com/kf/Hce6e21d9c8c348e5ba88b0fb9803b768j/2021-New-Women-s-Winter-Real-Fur-Coat-High-Quality-Natural-Fox-Fur-Vest-Fashion-Luxurious.jpg_220x220.jpg,"https://ae04.alicdn.com/kf/Hce6e21d9c8c348e5ba88b0fb9803b768j.jpg,https://ae04.alicdn.com/kf/Hbe2cd49bbf87422baac026d53178f710N.jpg,https://ae04.alicdn.com/kf/Hca3487ba215c4e489ac2a0413c1bbcbeD.jpg,https://ae04.alicdn.com/kf/Hdeeb0bb7c4e74f43a5b2ce8ff5b0c092P.jpg,https://ae04.alicdn.com/kf/Hedc55ebf6ae14e11af469fb3fee49221J.jpg,",https://www.aliexpress.com/item/1005002165567440.html,399.96,199.98,40.00%,2098-12-31,50%,https://s.click.aliexpress.com/e/_9iyYbs
Real Fur,200003908,Classic Fashion Women's Natural Real Fox Fur Vest Fur Vest Fox Fur Waistcoat,1005002149941967,https://ae01.alicdn.com/kf/Hcf3b536310824a8eaa1a392dd0462bb0K/Classic-Fashion-Women-s-Natural-Real-Fox-Fur-Vest-Fur-Vest-Fox-Fur-Waistcoat.jpg_220x220.jpg,"https://ae04.alicdn.com/kf/Hcf3b536310824a8eaa1a392dd0462bb0K.jpg,https://ae04.alicdn.com/kf/H0a006003331e4f738280299fea6a5169f.jpg,https://ae04.alicdn.com/kf/H94f089acc28f4af1a51ee28f5f8672cfU.jpg,https://ae04.alicdn.com/kf/H06cbf9a7e6cd416aa04d74d07ffd3792M.jpg,https://ae04.alicdn.com/kf/H95f1878777f34192865569d9c896bcd7h.jpg,",https://www.aliexpress.com/item/1005002149941967.html,312.50,156.25,9.00%,2098-12-31,50%,https://s.click.aliexpress.com/e/_AoaQ42
Real Fur,200003908,Hot Sale High Quality 100% Natural Fox Fur Coat with Genuine Sheepskin Leather Long Sleeves Fur Overcoat with Detachable Collar,1005002266138612,https://ae01.alicdn.com/kf/H1e9b8b207ef24d68ba5cfb82ce7ddb78w/Hot-Sale-High-Quality-100-Natural-Fox-Fur-Coat-with-Genuine-Sheepskin-Leather-Long-Sleeves-Fur.jpg_220x220.jpg,"https://ae04.alicdn.com/kf/H1e9b8b207ef24d68ba5cfb82ce7ddb78w.jpg,https://ae04.alicdn.com/kf/Hbff8ed347a464f42aed33f819e9bcb1ca.jpg,https://ae04.alicdn.com/kf/H9bbb7b7f9fa1408db305703a256fc4e42.jpg,https://ae04.alicdn.com/kf/H43e8d3a503154e71aa9e2b7aed6939b0F.jpg,https://ae04.alicdn.com/kf/Hcb4b5673590745ad959dfffbb22ef51b1.jpg,",https://www.aliexpress.com/item/1005002266138612.html,479.98,239.99,9.00%,2098-12-31,50%,https://s.click.aliexpress.com/e/_AU5fRy
Real Fur,200003908,New Fur Sheep Sheared Cashmere Coat Women's Middle Long Fox Fur Collar Fur One Lamb Fur Jacket Fashion Warm Thick Overcoat,1005002090955028,https://ae01.alicdn.com/kf/H28b4c16d093741e49435215fda7e0a837/New-Fur-Sheep-Sheared-Cashmere-Coat-Women-s-Middle-Long-Fox-Fur-Collar-Fur-One-Lamb.jpg_220x220.jpg,"https://ae04.alicdn.com/kf/H28b4c16d093741e49435215fda7e0a837.jpg,https://ae04.alicdn.com/kf/Hd6d212ea991243a1a9a75e01ad1eed72V.jpg,https://ae04.alicdn.com/kf/H9183b88c082242a187afb5587b6702efU.jpg,https://ae04.alicdn.com/kf/H3c670d8485b649069c2feea04e411f1fy.jpg,https://ae04.alicdn.com/kf/H9284340b504244e1943cd2e910b0f14eZ.jpg,",https://www.aliexpress.com/item/1005002090955028.html,249.99,237.49,9.00%,2098-12-31,5%,https://s.click.aliexpress.com/e/_9hS0z8
Real Fur,200003908,Luxury Women 100% Real Fox Fur Sheepskin Leather Jacket V-neck Pockets Elegant Fur Jacket Fox Fur Coat New,4000474524590,https://ae01.alicdn.com/kf/H95a26abe8f08470aa204486f4517e2b1X/Luxury-Women-100-Real-Fox-Fur-Sheepskin-Leather-Jacket-V-neck-Pockets-Elegant-Fur-Jacket-Fox.jpg_220x220.jpg,"https://ae04.alicdn.com/kf/H95a26abe8f08470aa204486f4517e2b1X.jpg,https://ae04.alicdn.com/kf/Haaa214a4961a48c993081d6093508aefm.jpg,https://ae04.alicdn.com/kf/Hbdcc24f2cf704e2aac52f333a5d3e7899.jpg,https://ae04.alicdn.com/kf/H8be3b1e80ade4133b6a22a450c38017eN.jpg,https://ae04.alicdn.com/kf/H415d964758ff4c8a9481795436d71c356.jpg,",https://www.aliexpress.com/item/4000474524590.html,641.57,442.68,9.00%,2098-12-31,31%,https://s.click.aliexpress.com/e/_ABH27s
Real Fur,200003908,Winter Grain Sheep Sheared Cashmere Coat Women Mink Collar Medium Length Fur Lamb Fur One Jacket with Pearl Fashion Outwear,1005002090780082,https://ae01.alicdn.com/kf/H8bf9cb7c7e9247a9a733f34ae0989c28q/Winter-Grain-Sheep-Sheared-Cashmere-Coat-Women-Mink-Collar-Medium-Length-Fur-Lamb-Fur-One-Jacket.jpg_220x220.jpg,"https://ae04.alicdn.com/kf/H8bf9cb7c7e9247a9a733f34ae0989c28q.jpg,https://ae04.alicdn.com/kf/Hd18919c16beb4574baca234f7345482du.jpg,https://ae04.alicdn.com/kf/H3a7bcd6538dd46489a8e4b2523bfb353H.jpg,https://ae04.alicdn.com/kf/H64d28ba8e88244a1a51f009113dbc60ce.jpg,https://ae04.alicdn.com/kf/Heeba08bd002445e09a8faaf70d77a74f9.jpg,",https://www.aliexpress.com/item/1005002090780082.html,269.99,256.49,9.00%,2098-12-31,5%,https://s.click.aliexpress.com/e/_AgMGeA
Real Fur,200003908,Elegant Cashmere Coat Long Square Collar Slim Fitting Wool Fur Jacket Female Single Breasted Double-faced Fur Camel Outwear,1005002085370582,https://ae01.alicdn.com/kf/H0533d76b185e4b52a89ef50a09c8a72dv/Elegant-Cashmere-Coat-Long-Square-Collar-Slim-Fitting-Wool-Fur-Jacket-Female-Single-Breasted-Double-faced.jpg_220x220.jpg,"https://ae04.alicdn.com/kf/H0533d76b185e4b52a89ef50a09c8a72dv.jpg,https://ae04.alicdn.com/kf/Hd1c5a1acf7464053bb9fc2b8b9ff31c2l.jpg,https://ae04.alicdn.com/kf/Hce4541869a764af48bbc791268222cf5Y.jpg,https://ae04.alicdn.com/kf/Hfcae45acf45446268360df69dbec8afcv.jpg,https://ae04.alicdn.com/kf/H5901bdd7d1e44375a75e45081776917dJ.jpg,",https://www.aliexpress.com/item/1005002085370582.html,169.99,161.49,9.00%,2098-12-31,5%,https://s.click.aliexpress.com/e/_9RjH90
Real Fur,200003908,Women's Fashion 100% Real Fox Fur Leather Jacket Outerwear Coat Winter Warm Real Fox Coat rf1,4000800952489,https://ae01.alicdn.com/kf/Hca5c77aad4f54b9396a5759c6a882f7cb/Women-s-Fashion-100-Real-Fox-Fur-Leather-Jacket-Outerwear-Coat-Winter-Warm-Real-Fox-Coat.jpg_220x220.jpg,"https://ae04.alicdn.com/kf/Hca5c77aad4f54b9396a5759c6a882f7cb.jpg,https://ae04.alicdn.com/kf/H175b8502f4a44024aeb0847247dca28cu.jpg,https://ae04.alicdn.com/kf/H940e337b6b694199939b6dae98395f0fu.jpg,https://ae04.alicdn.com/kf/H261df2236a6e4df4ba4a5fdcba942b57l.jpg,https://ae04.alicdn.com/kf/Hbfcb0bf143ef4099bfc40b160c2f0fe0P.jpg,",https://www.aliexpress.com/item/4000800952489.html,433.80,216.90,9.00%,2098-12-31,50%,https://s.click.aliexpress.com/e/_AMulQK
Real Fur,200003908,New Fashion High End Fox Fur Hooded Australian Wool Women's Long Sheep Sheared Cashmere Coat Leather Grass Women Office Overcoat,1005002090144712,https://ae01.alicdn.com/kf/H51d77478a1ac4bb48f889625fc4812e8R/New-Fashion-High-End-Fox-Fur-Hooded-Australian-Wool-Women-s-Long-Sheep-Sheared-Cashmere-Coat.jpg_220x220.jpg,"https://ae04.alicdn.com/kf/H51d77478a1ac4bb48f889625fc4812e8R.jpg,https://ae04.alicdn.com/kf/Hdbba76a80a384e89a82e091a28c9fe165.jpg,https://ae04.alicdn.com/kf/H77aa482a1e06424b9bd5ed6d88f07a2aO.jpg,https://ae04.alicdn.com/kf/Hf37ac1838f6142f98b97b1b597374f47b.jpg,https://ae04.alicdn.com/kf/Hc41369d1ea0b44aaad3c14361bf8d2d9u.jpg,",https://www.aliexpress.com/item/1005002090144712.html,239.99,227.99,9.00%,2098-12-31,5%,https://s.click.aliexpress.com/e/_AUR9O2
Real Fur,200003908,2019 winter new sheep fur shearing coat women's wool lamb fur medium long lambskin fur coat outwear jacket parka fur coat,4000411193883,https://ae01.alicdn.com/kf/Hbc69c6546d5d42a5bbeaf1af0d9d1463u/2019-winter-new-sheep-fur-shearing-coat-women-s-wool-lamb-fur-medium-long-lambskin-fur.jpg_220x220.jpg,"https://ae04.alicdn.com/kf/Hbc69c6546d5d42a5bbeaf1af0d9d1463u.jpg,https://ae04.alicdn.com/kf/Hdcec823d764143ed84b93d2fa54e15f55.jpg,https://ae04.alicdn.com/kf/H5fc7c0417712430e9a8b1fb2cc495a24H.jpg,https://ae04.alicdn.com/kf/H7848ea25df4644e6a5792e4051489b23l.jpg,https://ae04.alicdn.com/kf/H7f41e596dbd9407bb1a46f3f491bc09aU.jpg,",https://www.aliexpress.com/item/4000411193883.html,421.71,290.98,9.00%,2098-12-31,31%,https://s.click.aliexpress.com/e/_A7h4b0
Real Fur,200003908,Lambs Fur Women's Clothing 2020 Winter New Grain Cashmere Fur Coat Women's Cashmere Sheared Splicing Female Jacket High Quality,1005002090511097,https://ae01.alicdn.com/kf/H4386ce8ba39e48f0b0fda087126f2d68c/Lambs-Fur-Women-s-Clothing-2020-Winter-New-Grain-Cashmere-Fur-Coat-Women-s-Cashmere-Sheared.jpg_220x220.jpg,"https://ae04.alicdn.com/kf/H4386ce8ba39e48f0b0fda087126f2d68c.jpg,https://ae04.alicdn.com/kf/Ha548425d71f54bafb2e614a659c1667au.jpg,https://ae04.alicdn.com/kf/H7ce6e45e4ae447beaf21e504a407572aZ.jpg,https://ae04.alicdn.com/kf/H0d5eaeea6ef143368183eae8ded310ade.jpg,https://ae04.alicdn.com/kf/H288a3ea452b44a6ba09665c02d113370X.jpg,",https://www.aliexpress.com/item/1005002090511097.html,199.99,189.99,9.00%,2098-12-31,5%,https://s.click.aliexpress.com/e/_AqiUJ0
Real Fur,200003908,New Shop Promotion Cheap Price 8 Rows Long Fox Fur Vest Lady's Sleeveless Thick Natural Real Fox Fur Vest,4000774572215,https://ae01.alicdn.com/kf/H3bf605028320413a9137a2ff763a98beK/New-Shop-Promotion-Cheap-Price-8-Rows-Long-Fox-Fur-Vest-Lady-s-Sleeveless-Thick-Natural.jpg_220x220.jpg,"https://ae04.alicdn.com/kf/H3bf605028320413a9137a2ff763a98beK.jpg,https://ae04.alicdn.com/kf/H9dde7f795131423d855cf03a22c24ab0I.jpg,https://ae04.alicdn.com/kf/H04d14938a08b45b88b05c0134dc1a45f8.jpg,https://ae04.alicdn.com/kf/H8b34128d4ef943bf83c99b60becd3c81G.jpg,https://ae04.alicdn.com/kf/Hdd05e2571ad94ea486b8ef6fdd8c67edp.jpg,",https://www.aliexpress.com/item/4000774572215.html,447.00,223.50,9.00%,2098-12-31,50%,https://s.click.aliexpress.com/e/_98IQwO
Real Fur,200003908,Delicate Cashmere Coat Women New Winter Lamb Hair Fox Hair Collar Hooded Granular Wool Fur One Jacket Thick Warm Sheath Outwear,1005002090893732,https://ae01.alicdn.com/kf/H5b6392ad4f234b6f9f4c31f5ac4b6c20Z/Delicate-Cashmere-Coat-Women-New-Winter-Lamb-Hair-Fox-Hair-Collar-Hooded-Granular-Wool-Fur-One.jpg_220x220.jpg,"https://ae04.alicdn.com/kf/H5b6392ad4f234b6f9f4c31f5ac4b6c20Z.jpg,https://ae04.alicdn.com/kf/H144a8dcda010488a915a1acbbc8c0278q.jpg,https://ae04.alicdn.com/kf/Hb60478178c2645d597c039da8861af4cF.jpg,https://ae04.alicdn.com/kf/H052a4bf4f2334cb29a2a3d68c0869c2bR.jpg,https://ae04.alicdn.com/kf/H253c6652bf114b7fb35d292b01441e17p.jpg,",https://www.aliexpress.com/item/1005002090893732.html,199.99,179.99,9.00%,2098-12-31,10%,https://s.click.aliexpress.com/e/_ADxrls
Real Fur,200003908,2020 New High Quality Real Genuine Fox Natural Fox Fur Waistcoat Gilets V-Neck Classical Lady's Jackets Vest,1005002211661288,https://ae01.alicdn.com/kf/H74c4359650e14237b5816fb8135af6a3G/2020-New-High-Quality-Real-Genuine-Fox-Natural-Fox-Fur-Waistcoat-Gilets-V-Neck-Classical-Lady.jpg_220x220.jpg,"https://ae04.alicdn.com/kf/H74c4359650e14237b5816fb8135af6a3G.jpg,https://ae04.alicdn.com/kf/H90f8546679214feeb43d6744452d7981L.jpg,https://ae04.alicdn.com/kf/H94c55ae42afa4b71a5de580b195962e7H.jpg,https://ae04.alicdn.com/kf/H82e9c41fa3304e47a8b3b5b5d876b5a7k.jpg,https://ae04.alicdn.com/kf/H01164431a363452fb3f91f04886b00c9F.jpg,",https://www.aliexpress.com/item/1005002211661288.html,337.50,168.75,9.00%,2098-12-31,50%,https://s.click.aliexpress.com/e/_AfgIYK
Real Fur,200003908,Thick Two Pieces Detachable Real Rex Rabbit Fur Interlining Coat Fox Fur Collar Jean Demi Jacket Fur Parka Jn1,4000791109613,https://ae01.alicdn.com/kf/H681e84867a50431aa17ee6b232593eb3Z/Thick-Two-Pieces-Detachable-Real-Rex-Rabbit-Fur-Interlining-Coat-Fox-Fur-Collar-Jean-Demi-Jacket.jpg_220x220.jpg,"https://ae04.alicdn.com/kf/H681e84867a50431aa17ee6b232593eb3Z.jpg,https://ae04.alicdn.com/kf/H203b3942b84c403c86f9d6884f8631b2k.jpg,https://ae04.alicdn.com/kf/H0df8f11e5e864fa4a4fdd3f07fd088cb9.jpg,https://ae04.alicdn.com/kf/H2120c8885bfd4327ba02f949aae63414X.jpg,https://ae04.alicdn.com/kf/H232d515b7b9a4268ab04f4844dc7f9696.jpg,",https://www.aliexpress.com/item/4000791109613.html,339.00,169.50,9.00%,2098-12-31,50%,https://s.click.aliexpress.com/e/_AMEctc
Real Fur,200003908,New Grain Sheep Shearing Coat Women's Middle Long Fox Hair Hooded Wool Fur Jacket Winter A-Line Thick Warm Cute Pink Outwear,1005002086296368,https://ae01.alicdn.com/kf/H28cfc9047c8d4da8b9a751cf4831217ed/New-Grain-Sheep-Shearing-Coat-Women-s-Middle-Long-Fox-Hair-Hooded-Wool-Fur-Jacket-Winter.jpg_220x220.jpg,"https://ae04.alicdn.com/kf/H28cfc9047c8d4da8b9a751cf4831217ed.jpg,https://ae04.alicdn.com/kf/Hd988f02ad3d9429bb079920c74aeb1b5H.jpg,https://ae04.alicdn.com/kf/H527bfd29fee14a9fa9c2dc79043ff418R.jpg,https://ae04.alicdn.com/kf/Hcc3fb297b333438e9a4c7584dd96f8caH.jpg,",https://www.aliexpress.com/item/1005002086296368.html,249.99,237.49,9.00%,2098-12-31,5%,https://s.click.aliexpress.com/e/_971dRG
Real Fur,200003908,Grain Sheep Shearing Coat Women's Middle Long 2021 New Wool Fur Slim Fox Hair Hooded Jacket Thick Warm Beige Winter Outwear,1005002086194424,https://ae01.alicdn.com/kf/H20100103fe8e42eca4434ea01c916141I/Grain-Sheep-Shearing-Coat-Women-s-Middle-Long-2021-New-Wool-Fur-Slim-Fox-Hair-Hooded.jpg_220x220.jpg,"https://ae04.alicdn.com/kf/H20100103fe8e42eca4434ea01c916141I.jpg,https://ae04.alicdn.com/kf/H25427057064c459aaac0be2f224411afk.jpg,https://ae04.alicdn.com/kf/H2a3ff2d9686a4084b63acc3d4c049c6dP.jpg,https://ae04.alicdn.com/kf/Hc18edf9ae35643c8949053f1353a95b72.jpg,https://ae04.alicdn.com/kf/Hc59b46b154214d969ab820a6f25a2da2k.jpg,",https://www.aliexpress.com/item/1005002086194424.html,239.99,227.99,9.00%,2098-12-31,5%,https://s.click.aliexpress.com/e/_ACVM2A
Real Fur,200003908,Women's Thick 100% Real Fox Fur Long Leather Jacket Overcoat Winter Warm Real Fox Long Coat rf2,4000803030924,https://ae01.alicdn.com/kf/H53bff52ddc104136b5215177aa9357bdi/Women-s-Thick-100-Real-Fox-Fur-Long-Leather-Jacket-Overcoat-Winter-Warm-Real-Fox-Long.jpg_220x220.jpg,"https://ae04.alicdn.com/kf/H53bff52ddc104136b5215177aa9357bdi.jpg,https://ae04.alicdn.com/kf/H208762fb2bf9461588abf84192467742p.jpg,https://ae04.alicdn.com/kf/Hbae8e6316e5c48f9b4fc77d593dd883dh.jpg,https://ae04.alicdn.com/kf/H2f9e744f887449cebe144d5f870a209aK.jpg,https://ae04.alicdn.com/kf/H940e337b6b694199939b6dae98395f0fu.jpg,",https://www.aliexpress.com/item/4000803030924.html,543.00,271.50,9.00%,2098-12-31,50%,https://s.click.aliexpress.com/e/_ATZiTY
Real Fur,200003908,2021 New Women's Natural Fox Fur Embroidery Rivet Vest Winter Genuine Shining Sheepskin Waistcoat Gilet Coat Jacket Sleeveless,1005002228114161,https://ae01.alicdn.com/kf/H7dc1884b746c4f76a0d7b3e5c751aa73I/2021-New-Women-s-Natural-Fox-Fur-Embroidery-Rivet-Vest-Winter-Genuine-Shining-Sheepskin-Waistcoat-Gilet.jpg_220x220.jpg,"https://ae04.alicdn.com/kf/H7dc1884b746c4f76a0d7b3e5c751aa73I.jpg,https://ae04.alicdn.com/kf/H907aea6995544d0786f516038adbe96eS.jpg,https://ae04.alicdn.com/kf/Hb01e2c22db3041aab24f43b3bbd9ff8e7.jpg,https://ae04.alicdn.com/kf/H064266edee0e49ffa45c4ccc8b3f4cedG.jpg,https://ae04.alicdn.com/kf/Hc5449b92912f4a128bfb0cb413ef036e3.jpg,",https://www.aliexpress.com/item/1005002228114161.html,599.98,299.99,9.00%,2098-12-31,50%,https://s.click.aliexpress.com/e/_9vAmWW
Real Fur,200003908,2021 Natural Fox Leather Ladies Coat Winter Ladies Fashion Warm Natural Fox Leather Coat 90-70cm removable sleeves removable for,10000357851979,https://ae01.alicdn.com/kf/H3ece72717a08454689fe404819968787e/2021-Natural-Fox-Leather-Ladies-Coat-Winter-Ladies-Fashion-Warm-Natural-Fox-Leather-Coat-90-70cm.jpg_220x220.jpg,"https://ae04.alicdn.com/kf/H3ece72717a08454689fe404819968787e.jpg,https://ae04.alicdn.com/kf/H237548dbb3db46ad8e2404e2445059547.jpg,https://ae04.alicdn.com/kf/H7c0318d4937248d7a52fff1ca1439466T.jpg,https://ae04.alicdn.com/kf/Haf124c1b8f674eb2b9036f32f7a661a13.jpg,https://ae04.alicdn.com/kf/Hcda15d70edd9477da6ce34d97f35ea1fu.jpg,",https://www.aliexpress.com/item/10000357851979.html,360.00,162.00,9.00%,2098-12-31,55%,https://s.click.aliexpress.com/e/_A4HA7s
Real Fur,200003908,Natural red fox silver fox women's Vest natural non dyeing fashion high end winter warm women's Vest short,1005001924122560,https://ae01.alicdn.com/kf/H3af0dc8ffb6d44608f39ffc0fcf98a73n/Natural-red-fox-silver-fox-women-s-Vest-natural-non-dyeing-fashion-high-end-winter-warm.jpg_220x220.jpg,"https://ae04.alicdn.com/kf/H3af0dc8ffb6d44608f39ffc0fcf98a73n.jpg,https://ae04.alicdn.com/kf/H41f77f503028422297c7f49183b75e67Y.jpg,https://ae04.alicdn.com/kf/H6297b5408e294895ac389a55ce58c32eH.jpg,https://ae04.alicdn.com/kf/H6e336b7a75b649a08aa002c10662119bm.jpg,https://ae04.alicdn.com/kf/H94eda3e944f8445385bb7b0bb5b86abf0.jpg,",https://www.aliexpress.com/item/1005001924122560.html,325.00,146.25,9.00%,2098-12-31,55%,https://s.click.aliexpress.com/e/_ALX5oW
Real Fur,200003908,"new natural wool autumn winter thermal coat, fashion slim warm women's coat wool coat",10000361108698,https://ae01.alicdn.com/kf/H4e978205b0334f5ea317df60c5c830bfl/new-natural-wool-autumn-winter-thermal-coat-fashion-slim-warm-women-s-coat-wool-coat.jpg_220x220.jpg,"https://ae04.alicdn.com/kf/H4e978205b0334f5ea317df60c5c830bfl.jpg,https://ae04.alicdn.com/kf/H159d83c50f1149fbbf3595725d3659b14.jpg,https://ae04.alicdn.com/kf/Hb8ad9d01e3f243a88f865f31c55bb1b11.jpg,https://ae04.alicdn.com/kf/H3fcbe4fae84541cf9204792fc3282f4fF.jpg,https://ae04.alicdn.com/kf/He4fb0c877f854422ba8b46be2f36d105h.jpg,",https://www.aliexpress.com/item/10000361108698.html,180.00,81.00,9.00%,2098-12-31,55%,https://s.click.aliexpress.com/e/_A18yr0
Real Fur,200003908,"New leather coat 100% natural fur jacket, winter women's fur coat, fox fur coat, high-quality fur vest, detachable hat sleeve 7",10000376041822,https://ae01.alicdn.com/kf/H4b91ed3a938645a9b2292e47d9ae0231C/New-leather-coat-100-natural-fur-jacket-winter-women-s-fur-coat-fox-fur-coat-high.jpg_220x220.jpg,"https://ae04.alicdn.com/kf/H4b91ed3a938645a9b2292e47d9ae0231C.jpg,https://ae04.alicdn.com/kf/H540b6dfbb7824603a8baf16d283be7b3Y.jpg,https://ae04.alicdn.com/kf/H99a8402405d64905b12d2d966933a505o.jpg,https://ae04.alicdn.com/kf/H689fb8159c7f4440b5cca80b1597ce44s.jpg,https://ae04.alicdn.com/kf/Hd9bf47ad1fe94fe1900510d1fc6e52e1V.jpg,",https://www.aliexpress.com/item/10000376041822.html,425.00,195.50,9.00%,2098-12-31,54%,https://s.click.aliexpress.com/e/_ASsvjG
Real Fur,200003908,2021 Fur Coat Overcoat Women's Coat Pellet Wool Fur One Sheared Sheep Anti-season Lamb Fur Short Style,1005002074433769,https://ae01.alicdn.com/kf/Hdb7c2e2a4a9e4404962dbc90fb063de0m/2021-Fur-Coat-Overcoat-Women-s-Coat-Pellet-Wool-Fur-One-Sheared-Sheep-Anti-season-Lamb.jpg_220x220.jpg,"https://ae04.alicdn.com/kf/Hdb7c2e2a4a9e4404962dbc90fb063de0m.jpg,https://ae04.alicdn.com/kf/Hd42914da1dee45c7b76bccc972908530j.jpg,https://ae04.alicdn.com/kf/H0b80b9f3aabe40dcb13f89c84b257387P.jpg,https://ae04.alicdn.com/kf/H1c47359647554cf6b7c7962296b6b271B.jpg,https://ae04.alicdn.com/kf/Hfa9914c3a1104dabb61956dd964f3aa81.jpg,",https://www.aliexpress.com/item/1005002074433769.html,128.50,,9.00%,2098-12-31,null%,https://s.click.aliexpress.com/e/_9JhsKO
Real Fur,200003908,"2021 new 60 cm fox skin coat for women, 100% natural fox skin coat for women, warm fox skin for women in winter",10000358814992,https://ae01.alicdn.com/kf/H22dacf66c9824c2b92f2328b9106073dp/2021-new-60-cm-fox-skin-coat-for-women-100-natural-fox-skin-coat-for-women.jpg_220x220.jpg,"https://ae04.alicdn.com/kf/H22dacf66c9824c2b92f2328b9106073dp.jpg,https://ae04.alicdn.com/kf/Had7bdabfe60f4899a7f3de943b3c2824C.jpg,https://ae04.alicdn.com/kf/H56efaa61dedc4f548fc20b02bfb1185fG.jpg,https://ae04.alicdn.com/kf/Ha6618ce0711f4f9e846aad28b4b547a2h.jpg,https://ae04.alicdn.com/kf/H7537c54dbacf4d80bcfe5f51074970e7E.jpg,",https://www.aliexpress.com/item/10000358814992.html,305.00,134.20,9.00%,2098-12-31,56%,https://s.click.aliexpress.com/e/_AYOSwA
Real Fur,200003908,new real fox fur women's vest leather fashion luxury thick warm jacket jacket solid color fur vest women's coat,10000374620660,https://ae01.alicdn.com/kf/H95adc9405c1d47c9b0b04d7cf635eb5dt/new-real-fox-fur-women-s-vest-leather-fashion-luxury-thick-warm-jacket-jacket-solid-color.jpg_220x220.jpg,"https://ae04.alicdn.com/kf/H95adc9405c1d47c9b0b04d7cf635eb5dt.jpg,https://ae04.alicdn.com/kf/Ha96ac5afd9f64afda7e73cde8db06538I.jpg,https://ae04.alicdn.com/kf/H2ea48a5e0cce441d9fbc944b3985bc66Y.jpg,https://ae04.alicdn.com/kf/Hb95ebe53c993415c9531946c00c75325j.jpg,https://ae04.alicdn.com/kf/Ha2e7397a20474a0b826097e2587b9d49J.jpg,",https://www.aliexpress.com/item/10000374620660.html,210.00,94.50,9.00%,2098-12-31,55%,https://s.click.aliexpress.com/e/_9gRhHo
Real Fur,200003908,Natural Fox Fur Vest Real Coat Female Coats Fur jackets High quality leather vest 100% Real Fur vest aTwo ways to wear 70cm 90cm,10000351158252,https://ae01.alicdn.com/kf/H4a0fc66ab24d4d73a705ead8d4ac7287s/Natural-Fox-Fur-Vest-Real-Coat-Female-Coats-Fur-jackets-High-quality-leather-vest-100-Real.jpg_220x220.jpg,"https://ae04.alicdn.com/kf/H4a0fc66ab24d4d73a705ead8d4ac7287s.jpg,https://ae04.alicdn.com/kf/H43764dde0109412d965258a253805bbe3.jpg,https://ae04.alicdn.com/kf/H95ba651433744a8fa60fab2365ef640ab.jpg,https://ae04.alicdn.com/kf/H419ce35c9b884aa79a58e4d17d0e1d6fg.jpg,https://ae04.alicdn.com/kf/H686eae8629ff4760b45918f153cab1d1p.jpg,",https://www.aliexpress.com/item/10000351158252.html,269.00,134.50,9.00%,2098-12-31,50%,https://s.click.aliexpress.com/e/_AmeECE
Real Fur,200003908,Winter Lamb Wool Coat Leather and Fur All In One Women's Wear Grain Pellet Wool Overcoat Chenille Fur Coat Round Collar,1005002075342663,https://ae01.alicdn.com/kf/H73c3846b294e44b287559ccf9e669db5G/Winter-Lamb-Wool-Coat-Leather-and-Fur-All-In-One-Women-s-Wear-Grain-Pellet-Wool.jpg_220x220.jpg,"https://ae04.alicdn.com/kf/H73c3846b294e44b287559ccf9e669db5G.jpg,https://ae04.alicdn.com/kf/H96d623234c3c40f4b915874f087ac99a5.jpg,https://ae04.alicdn.com/kf/Hc066c2c7b1a042a09cdfc127a80fdc20H.jpg,https://ae04.alicdn.com/kf/H7b23dd784dd44489abc77260404b503fs.jpg,https://ae04.alicdn.com/kf/Hb8ffba275132445d97c58787a08820a7D.jpg,",https://www.aliexpress.com/item/1005002075342663.html,98.34,,9.00%,2098-12-31,null%,https://s.click.aliexpress.com/e/_9QSyz8
Real Fur,200003908,2020 Fashion Winter Jacket Women Real Fur Coat Natural Real Fox Fur Collar Loose Long Parkas Big Fur Outerwear Detachable,1005002021690336,https://ae01.alicdn.com/kf/H9f65386ac9354d6192159d610dbf3d503/2020-Fashion-Winter-Jacket-Women-Real-Fur-Coat-Natural-Real-Fox-Fur-Collar-Loose-Long-Parkas.jpg_220x220.jpg,"https://ae04.alicdn.com/kf/H9f65386ac9354d6192159d610dbf3d503.jpg,https://ae04.alicdn.com/kf/H0198e7994a1143f49eca301f169b7203E.jpg,https://ae04.alicdn.com/kf/H1891f59131cc42938bebd065c7e475c66.jpg,https://ae04.alicdn.com/kf/H1fcbdf11a0534649804a22933ce8e088n.jpg,https://ae04.alicdn.com/kf/H66da8f69d5fe4c81a56f47dce66837e3x.jpg,",https://www.aliexpress.com/item/1005002021690336.html,439.99,220.00,10.00%,2098-12-31,50%,https://s.click.aliexpress.com/e/_AfoDPy
Real Fur,200003908,2021 Fur Coat Vest Shorn Sheepskin Lamb Woo Pur and Leather Girl Autumn and Winter  Haulage Motor Particle Fleece Coat,1005002074665156,https://ae01.alicdn.com/kf/Hd1c749fd837a4205863525f559e33d0d4/2021-Fur-Coat-Vest-Shorn-Sheepskin-Lamb-Woo-Pur-and-Leather-Girl-Autumn-and-Winter-Haulage.jpg_220x220.jpg,"https://ae04.alicdn.com/kf/Hd1c749fd837a4205863525f559e33d0d4.jpg,https://ae04.alicdn.com/kf/Hdb1cf7c924e34d78a808dddb94d006a9Y.jpg,https://ae04.alicdn.com/kf/Ha01d770d2c04490b9997d785ef9e7b38S.jpg,https://ae04.alicdn.com/kf/H185586f4668e4a12b06d9a79c73d51ca7.jpg,https://ae04.alicdn.com/kf/Hadc3a9f8667847d0ba9cfe00cd9b4030W.jpg,",https://www.aliexpress.com/item/1005002074665156.html,92.61,,9.00%,2098-12-31,null%,https://s.click.aliexpress.com/e/_AB4TSw
