"Category Name","CategoryID","Product Name","ProductID","Product Image Url","allImageUrls(5<)","Product Url","originalPrice($)","salePrice($)","Commission Rate","Out of Stock Date","Discount","Click url"
"Mobile Phones","5090301","realme C3 Global Version 3GB 64GB Mobile Phone Helio G70 12MP AI Camera 6.5"" HD+ Mini-drop Screen 5000mAh Battery Play Store NFC","4001017618435","https://ae01.alicdn.com/kf/H2a241e5e75e44b6d9133daebb620474cT/realme-C3-Global-Version-3GB-64GB-Mobile-Phone-Helio-G70-12MP-AI-Camera-6-5-HD.jpg_220x220.jpg","https://ae01.alicdn.com/kf/H2a241e5e75e44b6d9133daebb620474cT/realme-C3-Global-Version-3GB-64GB-Mobile-Phone-Helio-G70-12MP-AI-Camera-6-5-HD.jpg,https://ae01.alicdn.com/kf/H7fa345329d20494d960899eb4ea5fb57R/realme-C3-Global-Version-3GB-64GB-Mobile-Phone-Helio-G70-12MP-AI-Camera-6-5-HD.jpg,https://ae01.alicdn.com/kf/Hf064450adbf6446db9d02edc6a46e79f7/realme-C3-Global-Version-3GB-64GB-Mobile-Phone-Helio-G70-12MP-AI-Camera-6-5-HD.jpg,https://ae01.alicdn.com/kf/Hee28683914724a48a71717b06a111911w/realme-C3-Global-Version-3GB-64GB-Mobile-Phone-Helio-G70-12MP-AI-Camera-6-5-HD.jpg,https://ae01.alicdn.com/kf/H3f09f4ecd36d4a178de14caa9babb1c61/realme-C3-Global-Version-3GB-64GB-Mobile-Phone-Helio-G70-12MP-AI-Camera-6-5-HD.jpg,","https://www.aliexpress.com/item/realme-C3-Global-Version-3GB-64GB-Mobile-Phone-Helio-G70-12MP-AI-Camera-6-5-HD/4001017618435.html","145.56","128.09","4.00%","2098-12-31","12%","http://s.click.aliexpress.com/e/_d9Bzzdm"
"Mobile Phones","5090301","realme 6 4GB RAM 128GB ROM Global Version Helio G90T 6.5"" 90Hz Display 30W Flash Charge 4300mAh 64MP Camera NFC Play Store","4001058663454","https://ae01.alicdn.com/kf/Ha53cba9a75824cf0bedae6936cad728bH/realme-6-4GB-RAM-128GB-ROM-Global-Version-Helio-G90T-6-5-90Hz-Display-30W-Flash.jpg_220x220.jpg","https://ae01.alicdn.com/kf/Ha53cba9a75824cf0bedae6936cad728bH/realme-6-4GB-RAM-128GB-ROM-Global-Version-Helio-G90T-6-5-90Hz-Display-30W-Flash.jpg,https://ae01.alicdn.com/kf/Hca7d78ee35b24f41b46f504afb652e007/realme-6-4GB-RAM-128GB-ROM-Global-Version-Helio-G90T-6-5-90Hz-Display-30W-Flash.jpg,https://ae01.alicdn.com/kf/H9b09fe4ac74d4d9e8a8904b039b2fe65j/realme-6-4GB-RAM-128GB-ROM-Global-Version-Helio-G90T-6-5-90Hz-Display-30W-Flash.jpg,https://ae01.alicdn.com/kf/H5790789c78da468c940bb6afcec8b13fJ/realme-6-4GB-RAM-128GB-ROM-Global-Version-Helio-G90T-6-5-90Hz-Display-30W-Flash.jpg,https://ae01.alicdn.com/kf/Ha3cf11e1c17347e6a79f7efcdd76ea6b9/realme-6-4GB-RAM-128GB-ROM-Global-Version-Helio-G90T-6-5-90Hz-Display-30W-Flash.jpg,","https://www.aliexpress.com/item/realme-6-4GB-RAM-128GB-ROM-Global-Version-Helio-G90T-6-5-90Hz-Display-30W-Flash/4001058663454.html","274.99","222.74","4.00%","2098-12-31","19%","http://s.click.aliexpress.com/e/_dYlUjiC"
"Mobile Phones","5090301","Global Version Xiaomi Redmi Note 9 4GB 128GB Smartphone MTK Helio G85 Octa Core 48MP Quad Cameras NFC 6.53"" DotDisplay 5020mAh","4001013620493","https://ae01.alicdn.com/kf/H34831918482949969bf164979b150ad6H/Global-Version-Xiaomi-Redmi-Note-9-4GB-128GB-Smartphone-MTK-Helio-G85-Octa-Core-48MP-Quad.jpg_220x220.jpg","https://ae01.alicdn.com/kf/H34831918482949969bf164979b150ad6H/Global-Version-Xiaomi-Redmi-Note-9-4GB-128GB-Smartphone-MTK-Helio-G85-Octa-Core-48MP-Quad.jpg,https://ae01.alicdn.com/kf/H005b7aab209c4cd79ce2b8d573eabaf9f/Global-Version-Xiaomi-Redmi-Note-9-4GB-128GB-Smartphone-MTK-Helio-G85-Octa-Core-48MP-Quad.jpg,https://ae01.alicdn.com/kf/H01ecb9200c4b46bc94cd2e0a60fd770ea/Global-Version-Xiaomi-Redmi-Note-9-4GB-128GB-Smartphone-MTK-Helio-G85-Octa-Core-48MP-Quad.jpg,https://ae01.alicdn.com/kf/H3ff7f1dae74a417086ba2a4e5785fb4cM/Global-Version-Xiaomi-Redmi-Note-9-4GB-128GB-Smartphone-MTK-Helio-G85-Octa-Core-48MP-Quad.jpg,https://ae01.alicdn.com/kf/H89c6d7e4173846b9b002eff2c850625dY/Global-Version-Xiaomi-Redmi-Note-9-4GB-128GB-Smartphone-MTK-Helio-G85-Octa-Core-48MP-Quad.jpg,","https://www.aliexpress.com/item/Global-Version-Xiaomi-Redmi-Note-9-4GB-128GB-Smartphone-MTK-Helio-G85-Octa-Core-48MP-Quad/4001013620493.html","169.00",,"4.00%","2098-12-31",,"http://s.click.aliexpress.com/e/_d7P8vmC"
"Mobile Phones","5090301","Global Version Xiaomi Redmi 8 4GB 64GB Smartphone Snapdragon 439 Octa Core 12MP Dual Camera 5000mAh Battery 6.22"" Mobile Phone","4000235871558","https://ae01.alicdn.com/kf/H478efe2134b74711bab5da87b3efc73eL/Global-Version-Xiaomi-Redmi-8-4GB-64GB-Smartphone-Snapdragon-439-Octa-Core-12MP-Dual-Camera-5000mAh.jpg_220x220.jpg","https://ae01.alicdn.com/kf/H478efe2134b74711bab5da87b3efc73eL/Global-Version-Xiaomi-Redmi-8-4GB-64GB-Smartphone-Snapdragon-439-Octa-Core-12MP-Dual-Camera-5000mAh.jpg,https://ae01.alicdn.com/kf/H487f20d8292448a890d94712069074d7E/Global-Version-Xiaomi-Redmi-8-4GB-64GB-Smartphone-Snapdragon-439-Octa-Core-12MP-Dual-Camera-5000mAh.jpg,https://ae01.alicdn.com/kf/H1d807ec4a7004c869f5735aa4b8ca1d3E/Global-Version-Xiaomi-Redmi-8-4GB-64GB-Smartphone-Snapdragon-439-Octa-Core-12MP-Dual-Camera-5000mAh.jpg,https://ae01.alicdn.com/kf/H002781f8e1bb4403a2c19db70be9a6cbs/Global-Version-Xiaomi-Redmi-8-4GB-64GB-Smartphone-Snapdragon-439-Octa-Core-12MP-Dual-Camera-5000mAh.jpg,https://ae01.alicdn.com/kf/Hdcfff393a22744ad93da5a529c749140j/Global-Version-Xiaomi-Redmi-8-4GB-64GB-Smartphone-Snapdragon-439-Octa-Core-12MP-Dual-Camera-5000mAh.jpg,","https://www.aliexpress.com/item/Global-Version-Xiaomi-Redmi-8-4GB-64GB-Smartphone-Snapdragon-439-Octa-Core-12MP-Dual-Camera-5000mAh/4000235871558.html","169.99","152.99","4.00%","2098-12-31","10%","http://s.click.aliexpress.com/e/_d8ZeAJq"
"Mobile Phones","5090301","realme 6 Pro Global Version 8GB RAM 128GB ROM Snapdragon 720G 30W Flash Charge 4300mAh 64MP Camera NFC EU Charger Play Store","4001058463639","https://ae01.alicdn.com/kf/H4ed883aceb204f8793065963557e6bdcW/realme-6-Pro-Global-Version-8GB-RAM-128GB-ROM-Snapdragon-720G-30W-Flash-Charge-4300mAh-64MP.jpg_220x220.jpg","https://ae01.alicdn.com/kf/H4ed883aceb204f8793065963557e6bdcW/realme-6-Pro-Global-Version-8GB-RAM-128GB-ROM-Snapdragon-720G-30W-Flash-Charge-4300mAh-64MP.jpg,https://ae01.alicdn.com/kf/Hd1bac03f65394240a98171fc5e22a716w/realme-6-Pro-Global-Version-8GB-RAM-128GB-ROM-Snapdragon-720G-30W-Flash-Charge-4300mAh-64MP.jpg,https://ae01.alicdn.com/kf/He4c6e8549946480caaeb6e1633f6e8d1w/realme-6-Pro-Global-Version-8GB-RAM-128GB-ROM-Snapdragon-720G-30W-Flash-Charge-4300mAh-64MP.jpg,https://ae01.alicdn.com/kf/H37db9b8ccfad49b5a7f1d8fbefc76237c/realme-6-Pro-Global-Version-8GB-RAM-128GB-ROM-Snapdragon-720G-30W-Flash-Charge-4300mAh-64MP.jpg,https://ae01.alicdn.com/kf/H641c9e2ae7a1447d9a39f150e496329fY/realme-6-Pro-Global-Version-8GB-RAM-128GB-ROM-Snapdragon-720G-30W-Flash-Charge-4300mAh-64MP.jpg,","https://www.aliexpress.com/item/realme-6-Pro-Global-Version-8GB-RAM-128GB-ROM-Snapdragon-720G-30W-Flash-Charge-4300mAh-64MP/4001058463639.html","330.00","273.90","4.00%","2098-12-31","17%","http://s.click.aliexpress.com/e/_dTAzgss"
"Mobile Phones","5090301","2020 New Nubia Red Magic 5G Global Version Gaming phone Snapdragon 865  8/12 GB RAM 128/256GB ROM 144Hz refresh rate Smartphone","4000910907400","https://ae01.alicdn.com/kf/H20d0d3abca5f4763939e02846c55d0b6J/2020-New-Nubia-Red-Magic-5G-Global-Version-Gaming-phone-Snapdragon-865-8-12-GB-RAM.jpg_220x220.jpg","https://ae01.alicdn.com/kf/H20d0d3abca5f4763939e02846c55d0b6J/2020-New-Nubia-Red-Magic-5G-Global-Version-Gaming-phone-Snapdragon-865-8-12-GB-RAM.jpg,https://ae01.alicdn.com/kf/H69458b4f465a4176b60076b8b49b1ab8T/2020-New-Nubia-Red-Magic-5G-Global-Version-Gaming-phone-Snapdragon-865-8-12-GB-RAM.jpg,https://ae01.alicdn.com/kf/Hf9fea98e27ef482a98d8c0f19aa09855x/2020-New-Nubia-Red-Magic-5G-Global-Version-Gaming-phone-Snapdragon-865-8-12-GB-RAM.png,https://ae01.alicdn.com/kf/Hda69211437cd40c4b621ec9238c683a7n/2020-New-Nubia-Red-Magic-5G-Global-Version-Gaming-phone-Snapdragon-865-8-12-GB-RAM.jpg,https://ae01.alicdn.com/kf/H5dc2681d12114f0c8c68174f26b24ff1X/2020-New-Nubia-Red-Magic-5G-Global-Version-Gaming-phone-Snapdragon-865-8-12-GB-RAM.png,","https://www.aliexpress.com/item/2020-New-Nubia-Red-Magic-5G-Global-Version-Gaming-phone-Snapdragon-865-8-12-GB-RAM/4000910907400.html","777.92","599.00","4.00%","2098-12-31","23%","http://s.click.aliexpress.com/e/_BfAieGSc"
"Mobile Phones","5090301","Global Version Xiaomi Redmi Note 9S 9 S 4GB 64GB Smartphone Snapdragon 720G Octa Core 48MP Quad Cameras 6.67"" FHD Screen 5020mAh","4000911611953","https://ae01.alicdn.com/kf/H1a7389693c3343979d3a2ffa5a645ce17/Global-Version-Xiaomi-Redmi-Note-9S-9-S-4GB-64GB-Smartphone-Snapdragon-720G-Octa-Core-48MP.jpg_220x220.jpg","https://ae01.alicdn.com/kf/H1a7389693c3343979d3a2ffa5a645ce17/Global-Version-Xiaomi-Redmi-Note-9S-9-S-4GB-64GB-Smartphone-Snapdragon-720G-Octa-Core-48MP.jpg,https://ae01.alicdn.com/kf/H2a31bbd68a5a4d0991da10856b41b4dao/Global-Version-Xiaomi-Redmi-Note-9S-9-S-4GB-64GB-Smartphone-Snapdragon-720G-Octa-Core-48MP.jpg,https://ae01.alicdn.com/kf/H1661a28385da4688ac0bc5918b933c712/Global-Version-Xiaomi-Redmi-Note-9S-9-S-4GB-64GB-Smartphone-Snapdragon-720G-Octa-Core-48MP.jpg,https://ae01.alicdn.com/kf/Hb92918dfa3f640f9ad732091831ac0e49/Global-Version-Xiaomi-Redmi-Note-9S-9-S-4GB-64GB-Smartphone-Snapdragon-720G-Octa-Core-48MP.jpg,https://ae01.alicdn.com/kf/Hbfa634a7a4de4d24bb5b4489c2d1b88dw/Global-Version-Xiaomi-Redmi-Note-9S-9-S-4GB-64GB-Smartphone-Snapdragon-720G-Octa-Core-48MP.jpg,","https://www.aliexpress.com/item/Global-Version-Xiaomi-Redmi-Note-9S-9-S-4GB-64GB-Smartphone-Snapdragon-720G-Octa-Core-48MP/4000911611953.html","195.00",,"4.00%","2098-12-31",,"http://s.click.aliexpress.com/e/_d7OW0Gu"
"Mobile Phones","5090301","Ulefone Power 3S 6.0"" 18:9 FHD+ Android 7.1 Mobile Phone MTK6763 Octa Core 4GB+64GB 16MP 4 Camera 6350mAh Face ID 4G Smartphone","4000414949986","https://ae01.alicdn.com/kf/Hb162dafcf4d94ced83c10136e70e551dp/Ulefone-Power-3S-6-0-18-9-FHD-Android-7-1-Mobile-Phone-MTK6763-Octa-Core.jpg_220x220.jpg","https://ae01.alicdn.com/kf/Hb162dafcf4d94ced83c10136e70e551dp/Ulefone-Power-3S-6-0-18-9-FHD-Android-7-1-Mobile-Phone-MTK6763-Octa-Core.jpg,https://ae01.alicdn.com/kf/HTB1m1SBr4GYBuNjy0Fnq6x5lpXaU/Ulefone-Power-3S-6-0-18-9-FHD-Android-7-1-Mobile-Phone-MTK6763-Octa-Core.jpg,https://ae01.alicdn.com/kf/HTB1onPRbojrK1RkHFNRq6ySvpXaP/Ulefone-Power-3S-6-0-18-9-FHD-Android-7-1-Mobile-Phone-MTK6763-Octa-Core.jpg,https://ae01.alicdn.com/kf/Hefb88c65cf53491c9a2d9c5bf281b17cP/Ulefone-Power-3S-6-0-18-9-FHD-Android-7-1-Mobile-Phone-MTK6763-Octa-Core.jpg,https://ae01.alicdn.com/kf/H8fa428fce48048a0a26ea87a3ce9ee6fV/Ulefone-Power-3S-6-0-18-9-FHD-Android-7-1-Mobile-Phone-MTK6763-Octa-Core.jpg,","https://www.aliexpress.com/item/Ulefone-Power-3S-6-0-18-9-FHD-Android-7-1-Mobile-Phone-MTK6763-Octa-Core/4000414949986.html","179.99","118.79","5.00%","2098-12-31","34%","http://s.click.aliexpress.com/e/_dTDgI2M"
"Mobile Phones","5090301","DOOGEE S95 Pro 6.3 Inch Android 9.0 Mobile Phone Rugged IP68 Drop Proof Smartphone MTK P90 8GB 128GB Cellphone 48MP AL Cameras","4000349301591","https://ae01.alicdn.com/kf/H3d5aaccf9c66409c95e4094f2b37e5188/DOOGEE-S95-Pro-6-3-Inch-Android-9-0-Mobile-Phone-Rugged-IP68-Drop-Proof-Smartphone.jpg_220x220.jpg","https://ae01.alicdn.com/kf/H3d5aaccf9c66409c95e4094f2b37e5188/DOOGEE-S95-Pro-6-3-Inch-Android-9-0-Mobile-Phone-Rugged-IP68-Drop-Proof-Smartphone.jpg,https://ae01.alicdn.com/kf/H53ec761158ff430cb4d66a406965d8e57/DOOGEE-S95-Pro-6-3-Inch-Android-9-0-Mobile-Phone-Rugged-IP68-Drop-Proof-Smartphone.jpg,https://ae01.alicdn.com/kf/H3b8f9254db4a4ca0891152c63eb28470m/DOOGEE-S95-Pro-6-3-Inch-Android-9-0-Mobile-Phone-Rugged-IP68-Drop-Proof-Smartphone.jpg,https://ae01.alicdn.com/kf/H758e6e93b3a94d609a131a28fd07979eR/DOOGEE-S95-Pro-6-3-Inch-Android-9-0-Mobile-Phone-Rugged-IP68-Drop-Proof-Smartphone.jpg,https://ae01.alicdn.com/kf/Hb561e139f8e44b8f858be9cbebb723e4U/DOOGEE-S95-Pro-6-3-Inch-Android-9-0-Mobile-Phone-Rugged-IP68-Drop-Proof-Smartphone.jpg,","https://www.aliexpress.com/item/DOOGEE-S95-Pro-6-3-Inch-Android-9-0-Mobile-Phone-Rugged-IP68-Drop-Proof-Smartphone/4000349301591.html","462.49","323.74","8.00%","2098-12-31","30%","http://s.click.aliexpress.com/e/_dYvQFte"
"Mobile Phones","5090301","Global Version Xiaomi Redmi 9 64GB ROM 4GB RAM (Brand New / Sealed) redmi9 redmi9 64 Smartphone mobile telephone","4001159765559","https://ae01.alicdn.com/kf/Ub0b982eb039f446d9d13234821661db75/Global-Version-Xiaomi-Redmi-9-64GB-ROM-4GB-RAM-Brand-New-Sealed-redmi9-redmi9-64-Smartphone.jpg_220x220.jpg","https://ae01.alicdn.com/kf/Ub0b982eb039f446d9d13234821661db75/Global-Version-Xiaomi-Redmi-9-64GB-ROM-4GB-RAM-Brand-New-Sealed-redmi9-redmi9-64-Smartphone.jpg,https://ae01.alicdn.com/kf/U7684a33bce26444b8f853624931d9cdd5/Global-Version-Xiaomi-Redmi-9-64GB-ROM-4GB-RAM-Brand-New-Sealed-redmi9-redmi9-64-Smartphone.jpg,https://ae01.alicdn.com/kf/Uc9aeaa7ba0b04487890a123a42d15c39E/Global-Version-Xiaomi-Redmi-9-64GB-ROM-4GB-RAM-Brand-New-Sealed-redmi9-redmi9-64-Smartphone.jpg,https://ae01.alicdn.com/kf/Ufb45a73691be4e1cbadbfe93151b25670/Global-Version-Xiaomi-Redmi-9-64GB-ROM-4GB-RAM-Brand-New-Sealed-redmi9-redmi9-64-Smartphone.jpg,https://ae01.alicdn.com/kf/U70d66d50a66a4c4faf3f45039bbde2c1M/Global-Version-Xiaomi-Redmi-9-64GB-ROM-4GB-RAM-Brand-New-Sealed-redmi9-redmi9-64-Smartphone.jpg,","https://www.aliexpress.com/item/Global-Version-Xiaomi-Redmi-9-64GB-ROM-4GB-RAM-Brand-New-Sealed-redmi9-redmi9-64-Smartphone/4001159765559.html","149.00",,"4.00%","2098-12-31",,"http://s.click.aliexpress.com/e/_d60Y1fK"
"Mobile Phones","5090301","Global  Version  ZTE Nubia Red Magic 5G Mobile Phone 6.65"" 8/12GB RAM 128/256GB ROM  Snapdragon 865 Android 10 NFC Gaming Phone","4000928034021","https://ae01.alicdn.com/kf/H5c3b840f9ae349fda7a9aea419175efdB/Global-Version-ZTE-Nubia-Red-Magic-5G-Mobile-Phone-6-65-8-12GB-RAM-128-256GB.jpg_220x220.jpg","https://ae01.alicdn.com/kf/H5c3b840f9ae349fda7a9aea419175efdB/Global-Version-ZTE-Nubia-Red-Magic-5G-Mobile-Phone-6-65-8-12GB-RAM-128-256GB.jpg,https://ae01.alicdn.com/kf/H78c28b8eb41c4987a5d691d042516a69F/Global-Version-ZTE-Nubia-Red-Magic-5G-Mobile-Phone-6-65-8-12GB-RAM-128-256GB.jpg,https://ae01.alicdn.com/kf/H1c9c15377a2e4ba28011ae156fb70cc4Z/Global-Version-ZTE-Nubia-Red-Magic-5G-Mobile-Phone-6-65-8-12GB-RAM-128-256GB.jpg,https://ae01.alicdn.com/kf/Hd15c9ad8cde94406af19ca5d794ffbffc/Global-Version-ZTE-Nubia-Red-Magic-5G-Mobile-Phone-6-65-8-12GB-RAM-128-256GB.jpg,https://ae01.alicdn.com/kf/H7ceba403ad824faa86ca6839cdd75d5aI/Global-Version-ZTE-Nubia-Red-Magic-5G-Mobile-Phone-6-65-8-12GB-RAM-128-256GB.jpg,","https://www.aliexpress.com/item/Global-Version-ZTE-Nubia-Red-Magic-5G-Mobile-Phone-6-65-8-12GB-RAM-128-256GB/4000928034021.html","748.75","599.00","4.00%","2098-12-31","20%","http://s.click.aliexpress.com/e/_d8W19ra"
"Mobile Phones","5090301","New EU Version  ZTE Nubia Red Magic 5G Mobile Phone 6.65"" 8/12GB RAM 128/256GB ROM  Snapdragon 865 Android 10 NFC Gaming Phone","4000917306754","https://ae01.alicdn.com/kf/H7b6e829e09ad41edba510894f5ec9cf93/New-EU-Version-ZTE-Nubia-Red-Magic-5G-Mobile-Phone-6-65-8-12GB-RAM-128.jpg_220x220.jpg","https://ae01.alicdn.com/kf/H7b6e829e09ad41edba510894f5ec9cf93/New-EU-Version-ZTE-Nubia-Red-Magic-5G-Mobile-Phone-6-65-8-12GB-RAM-128.jpg,https://ae01.alicdn.com/kf/Hef5715214a554affbad9fbcfbe5565ca4/New-EU-Version-ZTE-Nubia-Red-Magic-5G-Mobile-Phone-6-65-8-12GB-RAM-128.jpg,https://ae01.alicdn.com/kf/Hd15c9ad8cde94406af19ca5d794ffbffc/New-EU-Version-ZTE-Nubia-Red-Magic-5G-Mobile-Phone-6-65-8-12GB-RAM-128.jpg,https://ae01.alicdn.com/kf/H7ceba403ad824faa86ca6839cdd75d5aI/New-EU-Version-ZTE-Nubia-Red-Magic-5G-Mobile-Phone-6-65-8-12GB-RAM-128.jpg,https://ae01.alicdn.com/kf/H72359e2d1ec348c3a9c8ac90715dc4c5k/New-EU-Version-ZTE-Nubia-Red-Magic-5G-Mobile-Phone-6-65-8-12GB-RAM-128.jpg,","https://www.aliexpress.com/item/New-EU-Version-ZTE-Nubia-Red-Magic-5G-Mobile-Phone-6-65-8-12GB-RAM-128/4000917306754.html","748.75","599.00","4.00%","2098-12-31","20%","http://s.click.aliexpress.com/e/_dSHyvyc"
"Mobile Phones","5090301","Ulefone Power 3  Mobile Phone 6GB+64GB  6.0""  Smartphone 6080mAh Octa Core 21MP Quad Camera Face ID 4G Android","33002440613","https://ae01.alicdn.com/kf/He5973ed8736c4bab8cf9d2e6246d4419X/Ulefone-Power-3-Mobile-Phone-6GB-64GB-6-0-Smartphone-6080mAh-Octa-Core-21MP-Quad-Camera.jpg_220x220.jpg","https://ae01.alicdn.com/kf/He5973ed8736c4bab8cf9d2e6246d4419X/Ulefone-Power-3-Mobile-Phone-6GB-64GB-6-0-Smartphone-6080mAh-Octa-Core-21MP-Quad-Camera.jpg,https://ae01.alicdn.com/kf/HTB1oyijnuuSBuNjSsziq6zq8pXaj/Ulefone-Power-3-Mobile-Phone-6GB-64GB-6-0-Smartphone-6080mAh-Octa-Core-21MP-Quad-Camera.jpg,https://ae01.alicdn.com/kf/HTB15yeDr25TBuNjSspcq6znGFXaY/Ulefone-Power-3-Mobile-Phone-6GB-64GB-6-0-Smartphone-6080mAh-Octa-Core-21MP-Quad-Camera.jpg,https://ae01.alicdn.com/kf/HTB1jeGwrY1YBuNjSszeq6yblFXaP/Ulefone-Power-3-Mobile-Phone-6GB-64GB-6-0-Smartphone-6080mAh-Octa-Core-21MP-Quad-Camera.jpg,https://ae01.alicdn.com/kf/HTB1U_PctC8YBeNkSnb4q6yevFXa7/Ulefone-Power-3-Mobile-Phone-6GB-64GB-6-0-Smartphone-6080mAh-Octa-Core-21MP-Quad-Camera.jpg,","https://www.aliexpress.com/item/Ulefone-Power-3-Mobile-Phone-6GB-64GB-6-0-Smartphone-6080mAh-Octa-Core-21MP-Quad-Camera/33002440613.html","249.99","120.00","5.00%","2098-12-31","52%","http://s.click.aliexpress.com/e/_dSwho4o"
"Mobile Phones","5090301","Ulefone Armor 7E 6.3"" IP68 Rugged Waterproof Mobile Phone Helio P90 Octa Core 4GB 128GB Smartphone Android 9.0 Cellphone 5500mAh","4000987555276","https://ae01.alicdn.com/kf/H382782f844624c1ca11b242880c81cf9E/Ulefone-Armor-7E-6-3-IP68-Rugged-Waterproof-Mobile-Phone-Helio-P90-Octa-Core-4GB-128GB.jpg_220x220.jpg","https://ae01.alicdn.com/kf/H382782f844624c1ca11b242880c81cf9E/Ulefone-Armor-7E-6-3-IP68-Rugged-Waterproof-Mobile-Phone-Helio-P90-Octa-Core-4GB-128GB.jpg,https://ae01.alicdn.com/kf/Hfd21fc4904314c3d889a279aada78648p/Ulefone-Armor-7E-6-3-IP68-Rugged-Waterproof-Mobile-Phone-Helio-P90-Octa-Core-4GB-128GB.jpg,https://ae01.alicdn.com/kf/H3eb1d2a620aa46f1be1a617745476189x/Ulefone-Armor-7E-6-3-IP68-Rugged-Waterproof-Mobile-Phone-Helio-P90-Octa-Core-4GB-128GB.jpg,https://ae01.alicdn.com/kf/Hbc4ce334b148410485fc3ddfe02c4a54W/Ulefone-Armor-7E-6-3-IP68-Rugged-Waterproof-Mobile-Phone-Helio-P90-Octa-Core-4GB-128GB.jpg,https://ae01.alicdn.com/kf/H9d0cc60cf0f847fca6738e53219bc0c83/Ulefone-Armor-7E-6-3-IP68-Rugged-Waterproof-Mobile-Phone-Helio-P90-Octa-Core-4GB-128GB.jpg,","https://www.aliexpress.com/item/Ulefone-Armor-7E-6-3-IP68-Rugged-Waterproof-Mobile-Phone-Helio-P90-Octa-Core-4GB-128GB/4000987555276.html","312.49","249.99","6.00%","2098-12-31","20%","http://s.click.aliexpress.com/e/_d7cv51q"
"Mobile Phones","5090301","Global Version Xiaomi Black Shark 2 Mobile Phone 6.39"" 6/8GB RAM 128GB ROM Snapdragon 855 Dual SIM Fingerprint 48MP Game Phone","4001034784862","https://ae01.alicdn.com/kf/H0afe410f0aca45f1b897e9f9a16a5a13m/Global-Version-Xiaomi-Black-Shark-2-Mobile-Phone-6-39-6-8GB-RAM-128GB-ROM-Snapdragon.jpg_220x220.jpg","https://ae01.alicdn.com/kf/H0afe410f0aca45f1b897e9f9a16a5a13m/Global-Version-Xiaomi-Black-Shark-2-Mobile-Phone-6-39-6-8GB-RAM-128GB-ROM-Snapdragon.jpg,https://ae01.alicdn.com/kf/He8b8197b6cf545cf9e4a781b3afe622cS/Global-Version-Xiaomi-Black-Shark-2-Mobile-Phone-6-39-6-8GB-RAM-128GB-ROM-Snapdragon.jpg,https://ae01.alicdn.com/kf/H7351a36efb384a0a9137836102a8d3953/Global-Version-Xiaomi-Black-Shark-2-Mobile-Phone-6-39-6-8GB-RAM-128GB-ROM-Snapdragon.jpg,https://ae01.alicdn.com/kf/Hc6844f87a8cd4d6c8163eea0883d5164V/Global-Version-Xiaomi-Black-Shark-2-Mobile-Phone-6-39-6-8GB-RAM-128GB-ROM-Snapdragon.jpg,https://ae01.alicdn.com/kf/H3da89cb2c06e4309b2e907339ca67c90v/Global-Version-Xiaomi-Black-Shark-2-Mobile-Phone-6-39-6-8GB-RAM-128GB-ROM-Snapdragon.jpg,","https://www.aliexpress.com/item/Global-Version-Xiaomi-Black-Shark-2-Mobile-Phone-6-39-6-8GB-RAM-128GB-ROM-Snapdragon/4001034784862.html","354.99","280.44","4.00%","2098-12-31","21%","http://s.click.aliexpress.com/e/_dYRpMfW"
"Mobile Phones","5090301","6G RAM 128G ROM OUKITEL Y4800 Smartphone Android 9.0  6.3""19.5:9 FHD Octa Core Mobile Phone ID Fingerprint 4000mAh 9V/2A","4000039143789","https://ae01.alicdn.com/kf/H30a70fe2783a4cd7a788096019fb4da08/6G-RAM-128G-ROM-OUKITEL-Y4800-Smartphone-Android-9-0-6-3-19-5-9-FHD.jpg_220x220.jpg","https://ae01.alicdn.com/kf/H30a70fe2783a4cd7a788096019fb4da08/6G-RAM-128G-ROM-OUKITEL-Y4800-Smartphone-Android-9-0-6-3-19-5-9-FHD.jpg,https://ae01.alicdn.com/kf/H99ca6e6c59c04cb98241c9145388496cI/6G-RAM-128G-ROM-OUKITEL-Y4800-Smartphone-Android-9-0-6-3-19-5-9-FHD.jpg,https://ae01.alicdn.com/kf/H71bb6eeba8b94330bedee6e5b0868191M/6G-RAM-128G-ROM-OUKITEL-Y4800-Smartphone-Android-9-0-6-3-19-5-9-FHD.jpg,https://ae01.alicdn.com/kf/H5d409e07621a4c58870f71d67ce9db762/6G-RAM-128G-ROM-OUKITEL-Y4800-Smartphone-Android-9-0-6-3-19-5-9-FHD.jpg,https://ae01.alicdn.com/kf/H67e77deb966a47069d447f6f1c61dcc9s/6G-RAM-128G-ROM-OUKITEL-Y4800-Smartphone-Android-9-0-6-3-19-5-9-FHD.jpg,","https://www.aliexpress.com/item/6G-RAM-128G-ROM-OUKITEL-Y4800-Smartphone-Android-9-0-6-3-19-5-9-FHD/4000039143789.html","312.49","168.74","5.00%","2098-12-31","46%","http://s.click.aliexpress.com/e/_dWSM7hI"
"Mobile Phones","5090301","Global Version Xiaomi Redmi 7A 2GB 32GB Mobile Phone Snapdragon 439 Octa Core Face Unlock 5.45"" Screen 4000mAh 12MP Rear Camera","4000193557124","https://ae01.alicdn.com/kf/Hc07b64cd7c734007af5d05ebcb7acb41i/Global-Version-Xiaomi-Redmi-7A-2GB-32GB-Mobile-Phone-Snapdragon-439-Octa-Core-Face-Unlock-5.jpg_220x220.jpg","https://ae01.alicdn.com/kf/Hc07b64cd7c734007af5d05ebcb7acb41i/Global-Version-Xiaomi-Redmi-7A-2GB-32GB-Mobile-Phone-Snapdragon-439-Octa-Core-Face-Unlock-5.jpg,https://ae01.alicdn.com/kf/H753624a114bb462a96b87eb596c16d0dq/Global-Version-Xiaomi-Redmi-7A-2GB-32GB-Mobile-Phone-Snapdragon-439-Octa-Core-Face-Unlock-5.jpg,https://ae01.alicdn.com/kf/Hd011ca7c31f244448c83231d17cce8dcP/Global-Version-Xiaomi-Redmi-7A-2GB-32GB-Mobile-Phone-Snapdragon-439-Octa-Core-Face-Unlock-5.jpg,https://ae01.alicdn.com/kf/HTB1ywibeWWs3KVjSZFxq6yWUXXay/Global-Version-Xiaomi-Redmi-7A-2GB-32GB-Mobile-Phone-Snapdragon-439-Octa-Core-Face-Unlock-5.jpg,https://ae01.alicdn.com/kf/H77293934023044eaa1652b52c0677af9H/Global-Version-Xiaomi-Redmi-7A-2GB-32GB-Mobile-Phone-Snapdragon-439-Octa-Core-Face-Unlock-5.jpg,","https://www.aliexpress.com/item/Global-Version-Xiaomi-Redmi-7A-2GB-32GB-Mobile-Phone-Snapdragon-439-Octa-Core-Face-Unlock-5/4000193557124.html","124.99","96.24","5.00%","2098-12-31","23%","http://s.click.aliexpress.com/e/_d8bBRCM"
"Mobile Phones","5090301","Doogee S68 Pro 5.84"" Rugged Smartphone IP68/IP69K MTK Helio P70 Mobile Phone 6GB 128GB Octa Cellphone AL 21MP Triple Cameras NFC","4000348708158","https://ae01.alicdn.com/kf/H382614d3395044b391382bdd96a1c64c4/Doogee-S68-Pro-5-84-Rugged-Smartphone-IP68-IP69K-MTK-Helio-P70-Mobile-Phone-6GB-128GB.jpg_220x220.jpg","https://ae01.alicdn.com/kf/H382614d3395044b391382bdd96a1c64c4/Doogee-S68-Pro-5-84-Rugged-Smartphone-IP68-IP69K-MTK-Helio-P70-Mobile-Phone-6GB-128GB.jpg,https://ae01.alicdn.com/kf/Hf7c74839c0884cb18459be6fd8187c4b0/Doogee-S68-Pro-5-84-Rugged-Smartphone-IP68-IP69K-MTK-Helio-P70-Mobile-Phone-6GB-128GB.jpg,https://ae01.alicdn.com/kf/H3f5e795d4432464abad5e4f907a0d775n/Doogee-S68-Pro-5-84-Rugged-Smartphone-IP68-IP69K-MTK-Helio-P70-Mobile-Phone-6GB-128GB.jpg,https://ae01.alicdn.com/kf/H9b054651fa0046289442b3605f825741t/Doogee-S68-Pro-5-84-Rugged-Smartphone-IP68-IP69K-MTK-Helio-P70-Mobile-Phone-6GB-128GB.jpg,https://ae01.alicdn.com/kf/H11cd670500574285a3bd06d748f92524k/Doogee-S68-Pro-5-84-Rugged-Smartphone-IP68-IP69K-MTK-Helio-P70-Mobile-Phone-6GB-128GB.jpg,","https://www.aliexpress.com/item/Doogee-S68-Pro-5-84-Rugged-Smartphone-IP68-IP69K-MTK-Helio-P70-Mobile-Phone-6GB-128GB/4000348708158.html","299.99","239.99","12.00%","2098-12-31","20%","http://s.click.aliexpress.com/e/_dVcLB7i"
"Mobile Phones","5090301","In Stock OnePlus 8 Pro 5G Global Rom 12GB RAM 256GB ROM Snapdragon 865 120Hz Display 6.78"" 30W 4510mAh 48MP Quad Cam UFS 3.0 NFC","4000930323809","https://ae01.alicdn.com/kf/Hf578189cd13a49238efb9c46497c84d1D/In-Stock-OnePlus-8-Pro-5G-Global-Rom-12GB-RAM-256GB-ROM-Snapdragon-865-120Hz-Display.jpg_220x220.jpg","https://ae01.alicdn.com/kf/Hf578189cd13a49238efb9c46497c84d1D/In-Stock-OnePlus-8-Pro-5G-Global-Rom-12GB-RAM-256GB-ROM-Snapdragon-865-120Hz-Display.jpg,https://ae01.alicdn.com/kf/H1468f4770c6741d586ed25839ca7ed02F/In-Stock-OnePlus-8-Pro-5G-Global-Rom-12GB-RAM-256GB-ROM-Snapdragon-865-120Hz-Display.jpg,https://ae01.alicdn.com/kf/H8f6480dfaf194fdf9e82bc4429808595P/In-Stock-OnePlus-8-Pro-5G-Global-Rom-12GB-RAM-256GB-ROM-Snapdragon-865-120Hz-Display.jpg,https://ae01.alicdn.com/kf/H0dfa9d04dce447e991344483bbbb4f7d6/In-Stock-OnePlus-8-Pro-5G-Global-Rom-12GB-RAM-256GB-ROM-Snapdragon-865-120Hz-Display.jpg,https://ae01.alicdn.com/kf/Hd57b5be3933e4420b333f48befb1f943h/In-Stock-OnePlus-8-Pro-5G-Global-Rom-12GB-RAM-256GB-ROM-Snapdragon-865-120Hz-Display.jpg,","https://www.aliexpress.com/item/In-Stock-OnePlus-8-Pro-5G-Global-Rom-12GB-RAM-256GB-ROM-Snapdragon-865-120Hz-Display/4000930323809.html","999.99","889.99","4.00%","2098-12-31","11%","http://s.click.aliexpress.com/e/_dXovj0y"
"Mobile Phones","5090301","In Stock OnePlus 8 Pro 5G Global Rom 8GB 128GB Smartphone Snapdragon 865 120Hz Display 6.78"" 30W 4510mAh 48MP Camera NFC UFS 3.0","4000928165002","https://ae01.alicdn.com/kf/H72c1699bb8444bad8bfd7ceeea23590fB/In-Stock-OnePlus-8-Pro-5G-Global-Rom-8GB-128GB-Smartphone-Snapdragon-865-120Hz-Display-6.jpg_220x220.jpg","https://ae01.alicdn.com/kf/H72c1699bb8444bad8bfd7ceeea23590fB/In-Stock-OnePlus-8-Pro-5G-Global-Rom-8GB-128GB-Smartphone-Snapdragon-865-120Hz-Display-6.jpg,https://ae01.alicdn.com/kf/He790077e33234b16ae0b2512d99420c41/In-Stock-OnePlus-8-Pro-5G-Global-Rom-8GB-128GB-Smartphone-Snapdragon-865-120Hz-Display-6.jpg,https://ae01.alicdn.com/kf/Hd829adc87c0b4969b5b92eb2bd6b1c626/In-Stock-OnePlus-8-Pro-5G-Global-Rom-8GB-128GB-Smartphone-Snapdragon-865-120Hz-Display-6.jpg,https://ae01.alicdn.com/kf/H14afa76e4df54740b7f8e8a01f797573V/In-Stock-OnePlus-8-Pro-5G-Global-Rom-8GB-128GB-Smartphone-Snapdragon-865-120Hz-Display-6.jpg,https://ae01.alicdn.com/kf/Hcaa02324a7a44cf799ac2e1f8ce4d5b0J/In-Stock-OnePlus-8-Pro-5G-Global-Rom-8GB-128GB-Smartphone-Snapdragon-865-120Hz-Display-6.jpg,","https://www.aliexpress.com/item/In-Stock-OnePlus-8-Pro-5G-Global-Rom-8GB-128GB-Smartphone-Snapdragon-865-120Hz-Display-6/4000928165002.html","869.99","800.39","4.00%","2098-12-31","8%","http://s.click.aliexpress.com/e/_dWKiT5m"
"Mobile Phones","5090301","Blackview A80 6.21 Inch Waterdrop Screen Mobile Phone 2GB 16GB MT6737V/W Cellphone 4200mAh 4G Smartphone Android 10.0 Go Face ID","4001163535843","https://ae01.alicdn.com/kf/H53564cfdb773474fad2e99d588bc72eab/Blackview-A80-6-21-Inch-Waterdrop-Screen-Mobile-Phone-2GB-16GB-MT6737V-W-Cellphone-4200mAh-4G.jpg_220x220.jpg","https://ae01.alicdn.com/kf/H53564cfdb773474fad2e99d588bc72eab/Blackview-A80-6-21-Inch-Waterdrop-Screen-Mobile-Phone-2GB-16GB-MT6737V-W-Cellphone-4200mAh-4G.jpg,https://ae01.alicdn.com/kf/H934698179d2d44609b6d5b3956e461e7N/Blackview-A80-6-21-Inch-Waterdrop-Screen-Mobile-Phone-2GB-16GB-MT6737V-W-Cellphone-4200mAh-4G.jpg,https://ae01.alicdn.com/kf/H3553f02404314b569e418b86b8e58c36u/Blackview-A80-6-21-Inch-Waterdrop-Screen-Mobile-Phone-2GB-16GB-MT6737V-W-Cellphone-4200mAh-4G.jpg,https://ae01.alicdn.com/kf/H339c65d0ba4e4ae9bdd28f6e5e8fa16da/Blackview-A80-6-21-Inch-Waterdrop-Screen-Mobile-Phone-2GB-16GB-MT6737V-W-Cellphone-4200mAh-4G.jpg,https://ae01.alicdn.com/kf/H420ef40c05394717af650dbe466eb5c4c/Blackview-A80-6-21-Inch-Waterdrop-Screen-Mobile-Phone-2GB-16GB-MT6737V-W-Cellphone-4200mAh-4G.jpg,","https://www.aliexpress.com/item/Blackview-A80-6-21-Inch-Waterdrop-Screen-Mobile-Phone-2GB-16GB-MT6737V-W-Cellphone-4200mAh-4G/4001163535843.html","99.99","74.99","10.00%","2098-12-31","25%","http://s.click.aliexpress.com/e/_dYWmSGg"
"Mobile Phones","5090301","Huawei Honor 9X 4GB 128GB Full Screen Smartphone 48MP AI Triple Camera 6.59 ''mobile Phone Support Google Play CellPhone 4000mAh","4001162017645","https://ae01.alicdn.com/kf/Hd1e1dcd7d3aa4268a5e1a9691422595de/Huawei-Honor-9X-4GB-128GB-Full-Screen-Smartphone-48MP-AI-Triple-Camera-6-59-mobile-Phone.jpg_220x220.jpg","https://ae01.alicdn.com/kf/Hd1e1dcd7d3aa4268a5e1a9691422595de/Huawei-Honor-9X-4GB-128GB-Full-Screen-Smartphone-48MP-AI-Triple-Camera-6-59-mobile-Phone.jpg,https://ae01.alicdn.com/kf/H5dcbd75b63ea4d53ab08cd7e1375f7f0y/Huawei-Honor-9X-4GB-128GB-Full-Screen-Smartphone-48MP-AI-Triple-Camera-6-59-mobile-Phone.jpg,","https://www.aliexpress.com/item/Huawei-Honor-9X-4GB-128GB-Full-Screen-Smartphone-48MP-AI-Triple-Camera-6-59-mobile-Phone/4001162017645.html","241.00","216.90","8.00%","2098-12-31","10%","http://s.click.aliexpress.com/e/_dYB7rBK"
"Mobile Phones","5090301","F2 Super Mini Plus Mobile Phone 2.31"" Ultrathin Credit Card Metal Body Bluetooth Mp3 Dual SIM Card Luxury Touch button Cellphone","4001113008898","https://ae01.alicdn.com/kf/Hde4f130c9f514b5a9632e62795a276aav/F2-Super-Mini-Plus-Mobile-Phone-2-31-Ultrathin-Credit-Card-Metal-Body-Bluetooth-Mp3-Dual.jpg_220x220.jpg","https://ae01.alicdn.com/kf/Hde4f130c9f514b5a9632e62795a276aav/F2-Super-Mini-Plus-Mobile-Phone-2-31-Ultrathin-Credit-Card-Metal-Body-Bluetooth-Mp3-Dual.jpg,https://ae01.alicdn.com/kf/H32dede1610de4142a5f82ce385afc80eo/F2-Super-Mini-Plus-Mobile-Phone-2-31-Ultrathin-Credit-Card-Metal-Body-Bluetooth-Mp3-Dual.jpg,https://ae01.alicdn.com/kf/Hb5baf785d00f4c8abd269e6f19d3cfdce/F2-Super-Mini-Plus-Mobile-Phone-2-31-Ultrathin-Credit-Card-Metal-Body-Bluetooth-Mp3-Dual.jpg,https://ae01.alicdn.com/kf/H0420493cf8b447839d4d7f29e2f2e3dfB/F2-Super-Mini-Plus-Mobile-Phone-2-31-Ultrathin-Credit-Card-Metal-Body-Bluetooth-Mp3-Dual.jpg,https://ae01.alicdn.com/kf/Hb6f3ec923e554e3884b84ca5072b7708Y/F2-Super-Mini-Plus-Mobile-Phone-2-31-Ultrathin-Credit-Card-Metal-Body-Bluetooth-Mp3-Dual.jpg,","https://www.aliexpress.com/item/F2-Super-Mini-Plus-Mobile-Phone-2-31-Ultrathin-Credit-Card-Metal-Body-Bluetooth-Mp3-Dual/4001113008898.html","29.99","24.89","20.00%","2098-12-31","17%","http://s.click.aliexpress.com/e/_BfgzMXuU"
