1036340,"Feilun FT011 65CM 2.4G Brushless RC Boat High Speed Racing Model With Water Cooling System",https://imgaz1.staticbg.com/thumb/gallery/oaupload/banggood/images/89/E6/ddb50c86-4657-4bad-901d-090502e12731.jpg,https://www.banggood.com/Feilun-FT011-65CM-2_4G-Brushless-RC-Boat-High-Speed-Racing-Model-With-Water-Cooling-System-reviews-p1036340.html,US$183.63,US$12.85,https://www.banggood.com/Feilun-FT011-65CM-2_4G-Brushless-RC-Boat-High-Speed-Racing-Model-With-Water-Cooling-System-p-1036340.html?p=JA280216647382201711&custlinkid=1810396
1251198,"H106 2.4GHz 7.4V 600mAh Battery LCD Display High Speed RC Boat Wireless Racing Fast Ship",https://imgaz3.staticbg.com/thumb/gallery/oaupload/banggood/images/D1/3F/4a53ba59-18af-4b4d-b911-007aa239a072.jpg,https://www.banggood.com/H106-2_4GHz-7_4V-600mAh-Battery-LCD-Display-High-Speed-RC-Boat-Wireless-Racing-Fast-Ship-reviews-p1251198.html,US$61.20,US$4.28,https://www.banggood.com/H106-2_4GHz-7_4V-600mAh-Battery-LCD-Display-High-Speed-RC-Boat-Wireless-Racing-Fast-Ship-p-1251198.html?p=JA280216647382201711&custlinkid=1810397
1262234,"FEILUN FT012 Upgraded FT009 2.4G 50KM/H High Speed Brushless Racing RC Boat For Kid Toys",https://imgaz2.staticbg.com/thumb/gallery/oaupload/banggood/images/BF/3E/7c8727ba-bb2c-442b-b922-398b80b14b26.jpg,https://www.banggood.com/FEILUN-FT012-Upgraded-FT009-2_4G-50KM-or-H-High-Speed-Brushless-Racing-RC-Boat-For-Kid-Toys-reviews-p1262234.html,US$147.83,US$10.35,https://www.banggood.com/FEILUN-FT012-Upgraded-FT009-2_4G-50KM-or-H-High-Speed-Brushless-Racing-RC-Boat-For-Kid-Toys-p-1262234.html?p=JA280216647382201711&custlinkid=1810398
1291219,"Flytec 2011-15A 24CM 40HZ Water Cooled Motor RC Boat Wireless Racing Fast Ship",https://imgaz1.staticbg.com/thumb/gallery/oaupload/banggood/images/D3/74/fa87f893-3cf2-4a2f-a9e5-26a2f02ccfdd.jpg,https://www.banggood.com/Flytec-2011-15A-24CM-40HZ-Water-Cooled-Motor-RC-Boat-Wireless-Racing-Fast-Ship-reviews-p1291219.html,US$20.78,US$1.45,https://www.banggood.com/Flytec-2011-15A-24CM-40HZ-Water-Cooled-Motor-RC-Boat-Wireless-Racing-Fast-Ship-p-1291219.html?p=JA280216647382201711&custlinkid=1810399
1327187,"Zhi Lun 6653 27MHZ Radio Control Rc Amphibious Hovercraft Boat Multifunctional Model Toy",https://imgaz3.staticbg.com/thumb/gallery/oaupload/banggood/images/9D/B3/ba690fa9-b56c-41b9-a0af-627a54d1cb38.jpg,https://www.banggood.com/Zhi-Lun-6653-27MHZ-Radio-Control-Rc-Amphibious-Hovercraft-Boat-Multifunctional-Model-Toy-reviews-p1327187.html,US$84.30,US$5.9,https://www.banggood.com/Zhi-Lun-6653-27MHZ-Radio-Control-Rc-Amphibious-Hovercraft-Boat-Multifunctional-Model-Toy-p-1327187.html?p=JA280216647382201711&custlinkid=1810400
1328026,"TFL 1126 880mm Lucky OCT 2.4G 120A ESC Brushless RC Boat w/ Water Cooling System Without Servo TX Battery",https://imgaz2.staticbg.com/thumb/gallery/oaupload/banggood/images/03/81/25455a52-3641-4781-9e03-13c2268b7a39.jpg,https://www.banggood.com/TFL-1126-880mm-Lucky-OCT-2_4G-120A-ESC-Brushless-RC-Boat-w-or-Water-Cooling-System-Without-Servo-TX-Battery-reviews-p1328026.html,US$438.89,US$30.72,https://www.banggood.com/TFL-1126-880mm-Lucky-OCT-2_4G-120A-ESC-Brushless-RC-Boat-w-or-Water-Cooling-System-Without-Servo-TX-Battery-p-1328026.html?p=JA280216647382201711&custlinkid=1810401
1337828,"Volantex 792-5 Vector SR65 65cm 55KM/h Brushless High Speed RC Boat With Water Cooling System",https://imgaz3.staticbg.com/thumb/gallery/oaupload/banggood/images/9D/EA/cf468193-5ed0-4357-a2a1-b2453845bec9.jpg,https://www.banggood.com/Volantex-792-5-Vector-SR65-65cm-55KM-or-h-Brushless-High-Speed-RC-Boat-With-Water-Cooling-System-reviews-p1337828.html,US$195.18,US$13.66,https://www.banggood.com/Volantex-792-5-Vector-SR65-65cm-55KM-or-h-Brushless-High-Speed-RC-Boat-With-Water-Cooling-System-p-1337828.html?p=JA280216647382201711&custlinkid=1810402
1362568,"Flytec 2011-5 Generation Fishing Bait Rc Boat Kit Without Circuit Board Battery Motor Servo",https://imgaz3.staticbg.com/thumb/gallery/oaupload/banggood/images/CF/DD/8a5553c1-9af7-4fd9-80d2-62efbeca92c2.jpg,https://www.banggood.com/Flytec-2011-5-Generation-Fishing-Bait-Rc-Boat-Kit-Without-Circuit-Board-Battery-Motor-Servo-reviews-p1362568.html,US$103.94,US$7.28,https://www.banggood.com/Flytec-2011-5-Generation-Fishing-Bait-Rc-Boat-Kit-Without-Circuit-Board-Battery-Motor-Servo-p-1362568.html?p=JA280216647382201711&custlinkid=1810403
1417091,"HG Brushless Warship RC Boat 2.4G 1/110 Ship Model HG-C201 Landing and water Air Cushion Landing Craft",https://imgaz3.staticbg.com/thumb/gallery/oaupload/banggood/images/8B/74/1ae9d65d-f744-4459-8cfd-89a98957e73f.jpg,https://www.banggood.com/HG-Brushless-Warship-RC-Boat-2_4G-1-or-110-Ship-Model-HG-C201-Landing-and-water-Air-Cushion-Landing-Craft-reviews-p1417091.html,US$207.89,US$14.55,https://www.banggood.com/HG-Brushless-Warship-RC-Boat-2_4G-1-or-110-Ship-Model-HG-C201-Landing-and-water-Air-Cushion-Landing-Craft-p-1417091.html?p=JA280216647382201711&custlinkid=1810404
1443458,"Silverlit 2.4G Water And Land Hovercraft RC Boat Random Color",https://imgaz.staticbg.com/thumb/gallery/oaupload/banggood/images/19/9E/f142a5f5-d4e5-4e8a-9a01-df335061ccf5.JPG,https://www.banggood.com/Silverlit-2_4G-Water-And-Land-Hovercraft-RC-Boat-Random-Color-reviews-p1443458.html,US$121.89,US$8.53,https://www.banggood.com/Silverlit-2_4G-Water-And-Land-Hovercraft-RC-Boat-Random-Color-p-1443458.html?p=JA280216647382201711&custlinkid=1810405
1455158,"1/250 39cm 2.4G China Sea Patrol 3383 RC Boat 25km/h Double Motor Children Toy Model",https://imgaz1.staticbg.com/thumb/gallery/oaupload/banggood/images/8E/F7/32eb6fd0-3dbc-4f43-a510-33df5dcec551.jpg,https://www.banggood.com/1-or-250-39cm-2_4G-China-Sea-Patrol-3383-RC-Boat-25km-or-h-Double-Motor-Children-Toy-Model-reviews-p1455158.html,US$114.80,US$8.04,https://www.banggood.com/1-or-250-39cm-2_4G-China-Sea-Patrol-3383-RC-Boat-25km-or-h-Double-Motor-Children-Toy-Model-p-1455158.html?p=JA280216647382201711&custlinkid=1810406
1469920,"016 500mm 2.4G Brushless Electric Rc Boat with Water Cooling System RTR Model",https://imgaz.staticbg.com/thumb/gallery/oaupload/banggood/images/5B/61/4ec96882-6912-47a9-8980-42cafbe0126f.JPG,https://www.banggood.com/016-500mm-2_4G-Brushless-Electric-Rc-Boat-with-Water-Cooling-System-RTR-Model-reviews-p1469920.html,US$236.76,US$16.57,https://www.banggood.com/016-500mm-2_4G-Brushless-Electric-Rc-Boat-with-Water-Cooling-System-RTR-Model-p-1469920.html?p=JA280216647382201711&custlinkid=1810407
1562621,"Flytec V002 2.4G RC Boat Vehicle Models Simulate Crocodile Toys",https://imgaz2.staticbg.com/thumb/gallery/oaupload/ser1/banggood/images/3F/85/22f1b9cb-e7fb-4570-886b-b9da96d9f780.jpg,https://www.banggood.com/Flytec-V002-2_4G-RC-Boat-Vehicle-Models-Simulate-Crocodile-Toys-reviews-p1562621.html,US$26.99,US$1.89,https://www.banggood.com/Flytec-V002-2_4G-RC-Boat-Vehicle-Models-Simulate-Crocodile-Toys-p-1562621.html?p=JA280216647382201711&custlinkid=1810408
1636398,"Wireless 500m RC Boat Fishing High Power Bait Boat Cruice Control System",https://imgaz1.staticbg.com/thumb/gallery/oaupload/ser1/banggood/images/23/AA/01342fdb-6925-4f32-a80e-8bb90e0a8cf6.JPG,https://www.banggood.com/Wireless-500m-RC-Boat-Fishing-High-Power-Bait-Boat-Cruice-Control-System-reviews-p1636398.html,US$126.99,US$8.89,https://www.banggood.com/Wireless-500m-RC-Boat-Fishing-High-Power-Bait-Boat-Cruice-Control-System-p-1636398.html?p=JA280216647382201711&custlinkid=1810409
1645355,"P1 70cm Brushless High Speed RC Boat KIT Without Battery Servo Transmitter 60km/h ",https://imgaz.staticbg.com/thumb/gallery/oaupload/ser1/banggood/images/D5/B4/4d950bf6-d255-4957-8fc2-4de3d1f89677.JPG,https://www.banggood.com/P1-70cm-Brushless-High-Speed-RC-Boat-KIT-Without-Battery-Servo-Transmitter-60km-or-h--reviews-p1645355.html,US$396.15,US$27.73,https://www.banggood.com/P1-70cm-Brushless-High-Speed-RC-Boat-KIT-Without-Battery-Servo-Transmitter-60km-or-h--p-1645355.html?p=JA280216647382201711&custlinkid=1810410
1650356,"JJRC S6 1/47 2.4G Simulate Lobster Electric RC Boat Vehicle Models",https://imgaz3.staticbg.com/thumb/gallery/oaupload/banggood/images/DC/E9/9d084624-742a-4488-8b21-02ad3408a271.jpg,https://www.banggood.com/JJRC-S6-1-or-47-2_4G-Simulate-Lobster-Electric-RC-Boat-Vehicle-Models-reviews-p1650356.html,US$27.71,US$1.94,https://www.banggood.com/JJRC-S6-1-or-47-2_4G-Simulate-Lobster-Electric-RC-Boat-Vehicle-Models-p-1650356.html?p=JA280216647382201711&custlinkid=1810411
1662458,"Flytec V005 w/ 2 Batteries Version 2.4G Electric RC Boat Simulation Crocodile Head Vehicles RTR Model Toy",https://imgaz3.staticbg.com/thumb/gallery/oaupload/banggood/images/9F/91/ca4de02c-9771-48f4-a9d9-73716972344e.jpg,https://www.banggood.com/Flytec-V005-w-or-2-Batteries-Version-2_4G-Electric-RC-Boat-Simulation-Crocodile-Head-Vehicles-RTR-Model-Toy-reviews-p1662458.html,US$59.39,US$4.16,https://www.banggood.com/Flytec-V005-w-or-2-Batteries-Version-2_4G-Electric-RC-Boat-Simulation-Crocodile-Head-Vehicles-RTR-Model-Toy-p-1662458.html?p=JA280216647382201711&custlinkid=1810412
1668239,"TFL 1151 24″ Jet Powered Brushless 120A ESC RC Boat Fiberglass Hull without Battery Transmitter Servo Model",https://imgaz2.staticbg.com/thumb/gallery/oaupload/banggood/images/4F/50/cd08d472-ae3b-4448-a71b-c5fd3fd7c7c2.png,https://www.banggood.com/TFL-1151-24-Jet-Powered-Brushless-120A-ESC-RC-Boat-Fiberglass-Hull-without-Battery-Transmitter-Servo-Model-reviews-p1668239.html,US$400.77,US$28.05,https://www.banggood.com/TFL-1151-24-Jet-Powered-Brushless-120A-ESC-RC-Boat-Fiberglass-Hull-without-Battery-Transmitter-Servo-Model-p-1668239.html?p=JA280216647382201711&custlinkid=1810413
1675614,"TFL 1133L-01C 1040mm Carbon Fiber Zonda RC Boat Hull without Electronic & Hardware Parts",https://imgaz1.staticbg.com/thumb/gallery/oaupload/banggood/images/DB/7D/4bd62d1a-fae8-42b7-b407-528d6a282e0f.jpg,https://www.banggood.com/TFL-1133L-01C-1040mm-Carbon-Fiber-Zonda-RC-Boat-Hull-without-Electronic-and-Hardware-Parts-reviews-p1675614.html,US$787.70,US$55.14,https://www.banggood.com/TFL-1133L-01C-1040mm-Carbon-Fiber-Zonda-RC-Boat-Hull-without-Electronic-and-Hardware-Parts-p-1675614.html?p=JA280216647382201711&custlinkid=1810414
1690826,"MX 0030 2.4G 4CH Electric RC Boat Simulation Crocodile Animal Vehicles RTR Model Toy",https://imgaz3.staticbg.com/thumb/gallery/oaupload/banggood/images/AC/A3/099b0300-d7fb-4a02-93c4-c588efe7defb.jpg,https://www.banggood.com/MX-0030-2_4G-4CH-Electric-RC-Boat-Simulation-Crocodile-Animal-Vehicles-RTR-Model-Toy-reviews-p1690826.html,US$30.79,US$2.16,https://www.banggood.com/MX-0030-2_4G-4CH-Electric-RC-Boat-Simulation-Crocodile-Animal-Vehicles-RTR-Model-Toy-p-1690826.html?p=JA280216647382201711&custlinkid=1810415
1691347,"RH702 2.4G RC Boat 2 In 1 Simulation Crocodile Double Motors Vehicles RTR Model Toy",https://imgaz.staticbg.com/thumb/gallery/oaupload/banggood/images/9B/90/842e72fc-f4f9-4fa9-b4ba-7fa7ebbcc195.jpeg,https://www.banggood.com/RH702-2_4G-RC-Boat-2-In-1-Simulation-Crocodile-Double-Motors-Vehicles-RTR-Model-Toy-reviews-p1691347.html,US$20.59,US$1.44,https://www.banggood.com/RH702-2_4G-RC-Boat-2-In-1-Simulation-Crocodile-Double-Motors-Vehicles-RTR-Model-Toy-p-1691347.html?p=JA280216647382201711&custlinkid=1810416
1696316,"Eachine EBT01 Remote Control Shark Toy Pool Toy with LED Light 2.4G 4CH Electric High Simulation Shark Bath Toy Waterproof RC Boat Great Gift for 3-10 Year Old Boys and Girls",https://imgaz1.staticbg.com/thumb/gallery/oaupload/banggood/images/20/4C/0e0afdef-1006-4a96-8c83-b6daf421d635.jpg,https://www.banggood.com/Eachine-EBT01-Remote-Control-Shark-Toy-Pool-Toy-with-LED-Light-2_4G-4CH-Electric-High-Simulation-Shark-Bath-Toy-Waterproof-RC-Boat-Great-Gift-for-3-10-Year-Old-Boys-and-Girls-reviews-p1696316.html,US$32.99,US$2.31,https://www.banggood.com/Eachine-EBT01-Remote-Control-Shark-Toy-Pool-Toy-with-LED-Light-2_4G-4CH-Electric-High-Simulation-Shark-Bath-Toy-Waterproof-RC-Boat-Great-Gift-for-3-10-Year-Old-Boys-and-Girls-p-1696316.html?p=JA280216647382201711&custlinkid=1810417
1696381,"805 2.4G High Speed RC Boat Vehicle Models Toy 20km/h",https://imgaz2.staticbg.com/thumb/gallery/oaupload/banggood/images/C2/71/29d2d980-040e-4519-8b8e-6b5514454f39.JPG,https://www.banggood.com/805-2_4G-High-Speed-RC-Boat-Vehicle-Models-Toy-20km-or-h-reviews-p1696381.html,US$48.50,US$3.4,https://www.banggood.com/805-2_4G-High-Speed-RC-Boat-Vehicle-Models-Toy-20km-or-h-p-1696381.html?p=JA280216647382201711&custlinkid=1810418
1705907,"Wltoys WL912-A ABS High Speed 35km/h 100m Remote Control RC Boat Ship With Water Cooling System Vehicle Models Two Battery",https://imgaz.staticbg.com/thumb/gallery/oaupload/banggood/images/6A/26/be93a295-5061-4fb5-8d18-5b0fc348c364.jpg,https://www.banggood.com/Wltoys-WL912-A-ABS-High-Speed-35km-or-h-100m-Remote-Control-RC-Boat-Ship-With-Water-Cooling-System-Vehicle-Models-Two-Battery-reviews-p1705907.html,US$91.23,US$6.39,https://www.banggood.com/Wltoys-WL912-A-ABS-High-Speed-35km-or-h-100m-Remote-Control-RC-Boat-Ship-With-Water-Cooling-System-Vehicle-Models-Two-Battery-p-1705907.html?p=JA280216647382201711&custlinkid=1810419
1763181,"TFL 1151 01F 24″ Jet Drive Fiberglass RC Boat Hull without Electronic Hardware Parts",https://imgaz2.staticbg.com/thumb/gallery/oaupload/banggood/images/4C/8A/15f09bad-74c3-41ca-97d9-646150703096.jpeg,https://www.banggood.com/TFL-1151-01F-24-Jet-Drive-Fiberglass-RC-Boat-Hull-without-Electronic-Hardware-Parts-reviews-p1763181.html,US$192.49,US$13.47,https://www.banggood.com/TFL-1151-01F-24-Jet-Drive-Fiberglass-RC-Boat-Hull-without-Electronic-Hardware-Parts-p-1763181.html?p=JA280216647382201711&custlinkid=1810420
1824894,"UDIRC UD913 RTR 2.4G RC Speed Boat Simulated Dragon Waterproof Vehicles Model Children Toys",https://imgaz2.staticbg.com/thumb/gallery/oaupload/banggood/images/1A/F4/f67a57c9-d649-47f0-8ee2-f6e3500785e1.png,https://www.banggood.com/UDIRC-UD913-RTR-2_4G-RC-Speed-Boat-Simulated-Dragon-Waterproof-Vehicles-Model-Children-Toys-reviews-p1824894.html,US$30.99,US$2.17,https://www.banggood.com/UDIRC-UD913-RTR-2_4G-RC-Speed-Boat-Simulated-Dragon-Waterproof-Vehicles-Model-Children-Toys-p-1824894.html?p=JA280216647382201711&custlinkid=1810421
1827163,"Flytec V010 2.4G Intelligent Positioning Three Bait Tanks Automatic Return Fishing Bait RC Boat Vehicle Models",https://imgaz3.staticbg.com/thumb/gallery/oaupload/banggood/images/4E/BB/3eda86c5-cd77-4c92-ac3d-596d8b8bccd4.jpg,https://www.banggood.com/Flytec-V010-2_4G-Intelligent-Positioning-Three-Bait-Tanks-Automatic-Return-Fishing-Bait-RC-Boat-Vehicle-Models-reviews-p1827163.html,US$251.78,US$17.62,https://www.banggood.com/Flytec-V010-2_4G-Intelligent-Positioning-Three-Bait-Tanks-Automatic-Return-Fishing-Bait-RC-Boat-Vehicle-Models-p-1827163.html?p=JA280216647382201711&custlinkid=1810422
1835185,"Volantexrc 791-2 Hurricane 2.4G 990mm Sailboat Speed RC Vehicles Model Toys With Servo Transmitter",https://imgaz.staticbg.com/thumb/gallery/oaupload/banggood/images/5C/69/2e008a40-bdbc-4c94-abd5-ea1bacb09e4c.png,https://www.banggood.com/Volantexrc-791-2-Hurricane-2_4G-990mm-Sailboat-Speed-RC-Vehicles-Model-Toys-With-Servo-Transmitter-reviews-p1835185.html,US$286.43,US$20.05,https://www.banggood.com/Volantexrc-791-2-Hurricane-2_4G-990mm-Sailboat-Speed-RC-Vehicles-Model-Toys-With-Servo-Transmitter-p-1835185.html?p=JA280216647382201711&custlinkid=1810423
1848346,"Mini RC Boat Toy High Speed Racing For Children Models Control Remote Kids Gift",https://imgaz1.staticbg.com/thumb/gallery/oaupload/banggood/images/BE/12/1654f5ac-d6bc-471a-8002-cb17c8ee898c.jpg,https://www.banggood.com/Mini-RC-Boat-Toy-High-Speed-Racing-For-Children-Models-Control-Remote-Kids-Gift-reviews-p1848346.html,US$38.10,US$2.67,https://www.banggood.com/Mini-RC-Boat-Toy-High-Speed-Racing-For-Children-Models-Control-Remote-Kids-Gift-p-1848346.html?p=JA280216647382201711&custlinkid=1810424
1882585,"Eachine EBT04 RTR 2.4G 4CH 40km/h Brushless RC Boat Vechicles Models with Colorful Lights Water Cooling System",https://imgaz3.staticbg.com/thumb/gallery/oaupload/banggood/images/28/3E/d2ad2804-3130-47e0-9466-5fcb2fb86280.jpg,https://www.banggood.com/Eachine-EBT04-RTR-2_4G-4CH-40km-or-h-Brushless-RC-Boat-Vechicles-Models-with-Colorful-Lights-Water-Cooling-System-reviews-p1882585.html,US$79.99,US$5.6,https://www.banggood.com/Eachine-EBT04-RTR-2_4G-4CH-40km-or-h-Brushless-RC-Boat-Vechicles-Models-with-Colorful-Lights-Water-Cooling-System-p-1882585.html?p=JA280216647382201711&custlinkid=1810425
1905078,"HT 1/275 2878B 76.5cm Military Warship Cruiser Warship Waterproof Boat 2.4G 4CH Wireless RC Boat Vehicle Models",https://imgaz.staticbg.com/thumb/gallery/oaupload/banggood/images/C8/57/d54accd1-fac5-4af9-ace3-3bb4f6ba7f55.jpg,https://www.banggood.com/HT-1-or-275-2878B-76_5cm-Military-Warship-Cruiser-Warship-Waterproof-Boat-2_4G-4CH-Wireless-RC-Boat-Vehicle-Models-reviews-p1905078.html,US$149.81,US$10.49,https://www.banggood.com/HT-1-or-275-2878B-76_5cm-Military-Warship-Cruiser-Warship-Waterproof-Boat-2_4G-4CH-Wireless-RC-Boat-Vehicle-Models-p-1905078.html?p=JA280216647382201711&custlinkid=1810426
906673,"Feilun FT009 2.4G 4CH Water Cooling High Speed Racing RC Boat",https://imgaz3.staticbg.com/thumb/gallery/upload/2012/chenjianwei/SKU104082.04.jpg,https://www.banggood.com/Feilun-FT009-2_4G-4CH-Water-Cooling-High-Speed-Racing-RC-Boat-reviews-p906673.html,US$91.23,US$6.39,https://www.banggood.com/Feilun-FT009-2_4G-4CH-Water-Cooling-High-Speed-Racing-RC-Boat-p-906673.html?p=JA280216647382201711&custlinkid=1810336
953069,"Feilun FT012 RTR 2.4G Brushless RC Racing Boat 45km/h Fast Models Toys",https://imgaz.staticbg.com/thumb/gallery/2014/xuzijiao/12/SKU179537/SKU179537-0.jpg,https://www.banggood.com/Feilun-FT012-RTR-2_4G-Brushless-RC-Racing-Boat-45km-or-h-Fast-Models-Toys-reviews-p953069.html,US$124.73,US$8.73,https://www.banggood.com/Feilun-FT012-RTR-2_4G-Brushless-RC-Racing-Boat-45km-or-h-Fast-Models-Toys-p-953069.html?p=JA280216647382201711&custlinkid=1810337
1034584,"TFL Hobby 1111 Rocket FSR-OF Racing Boat 65cm 2958/2881KV Brushless Motor 70A ESC Fibreglass RC Boat",https://imgaz3.staticbg.com/thumb/gallery/oaupload/banggood/images/21/D4/8cb6d88c-8152-47c6-ba3b-cd95361d3c73.jpg,https://www.banggood.com/TFL-Hobby-1111-Rocket-FSR-OF-Racing-Boat-65cm-2958-or-2881KV-Brushless-Motor-70A-ESC-Fibreglass-RC-Boat-reviews-p1034584.html,US$315.30,US$22.07,https://www.banggood.com/TFL-Hobby-1111-Rocket-FSR-OF-Racing-Boat-65cm-2958-or-2881KV-Brushless-Motor-70A-ESC-Fibreglass-RC-Boat-p-1034584.html?p=JA280216647382201711&custlinkid=1810338
1155657,"Volantex V792-4 ATOMIC 2.4G Brushless PNP 60km/h Atomic RC Boat Without Battery Charger Transmitter",https://imgaz2.staticbg.com/thumb/gallery/oaupload/banggood/images/0D/01/c29074e8-3cf0-46f4-ba30-aea8b61ff66d.jpeg,https://www.banggood.com/Volantex-V792-4-ATOMIC-2_4G-Brushless-PNP-60km-or-h-Atomic-RC-Boat-Without-Battery-Charger-Transmitter-reviews-p1155657.html,US$166.31,US$11.64,https://www.banggood.com/Volantex-V792-4-ATOMIC-2_4G-Brushless-PNP-60km-or-h-Atomic-RC-Boat-Without-Battery-Charger-Transmitter-p-1155657.html?p=JA280216647382201711&custlinkid=1810339
1160191,"Volantex V792-4 70cm ATOMIC 2.4G Brushless RTR 60km/h Boat",https://imgaz1.staticbg.com/thumb/gallery/oaupload/banggood/images/EE/16/0991c949-2b14-4c5e-a37d-da821f2bce69.jpg,https://www.banggood.com/Volantex-V792-4-70cm-ATOMIC-2_4G-Brushless-RTR-60km-or-h-Boat-reviews-p1160191.html,US$194.03,US$13.58,https://www.banggood.com/Volantex-V792-4-70cm-ATOMIC-2_4G-Brushless-RTR-60km-or-h-Boat-p-1160191.html?p=JA280216647382201711&custlinkid=1810340
1281175,"Flytec 2011 5 50cm Fishing Bait RC Boat Fish Finder 5.4km/h Double Motor Toys",https://imgaz.staticbg.com/thumb/gallery/oaupload/banggood/images/F5/65/157131a0-c163-41f2-a403-e92b7ab107b0.jpg,https://www.banggood.com/Flytec-2011-5-50cm-Fishing-Bait-RC-Boat-Fish-Finder-5_4km-or-h-Double-Motor-Toys-reviews-p1281175.html,US$160.53,US$11.24,https://www.banggood.com/Flytec-2011-5-50cm-Fishing-Bait-RC-Boat-Fish-Finder-5_4km-or-h-Double-Motor-Toys-p-1281175.html?p=JA280216647382201711&custlinkid=1810341
1300023,"UdiR/C UDI902 43cm 2.4G Rc Boat 25km/h Max Speed With Water Cooling System 150m Remote Distance Toy",https://imgaz.staticbg.com/thumb/gallery/oaupload/banggood/images/D6/6D/f7ae9da8-26fa-49ee-8e0d-5a972514f0db.jpg,https://www.banggood.com/UdiR-or-C-UDI902-43cm-2_4G-Rc-Boat-25km-or-h-Max-Speed-With-Water-Cooling-System-150m-Remote-Distance-Toy-reviews-p1300023.html,US$83.15,US$5.82,https://www.banggood.com/UdiR-or-C-UDI902-43cm-2_4G-Rc-Boat-25km-or-h-Max-Speed-With-Water-Cooling-System-150m-Remote-Distance-Toy-p-1300023.html?p=JA280216647382201711&custlinkid=1810342
1301604,"Feilun FT016 47CM 2.4G 4CH RC Boat 540 Brushed 28km/h High Speed With Water Cooling System Toy",https://imgaz.staticbg.com/thumb/gallery/oaupload/banggood/images/2A/9A/d74b7c92-ac5b-4e9a-8cd7-bb73da2d2028.jpg,https://www.banggood.com/Feilun-FT016-47CM-2_4G-4CH-RC-Boat-540-Brushed-28km-or-h-High-Speed-With-Water-Cooling-System-Toy-reviews-p1301604.html,US$89.24,US$6.25,https://www.banggood.com/Feilun-FT016-47CM-2_4G-4CH-RC-Boat-540-Brushed-28km-or-h-High-Speed-With-Water-Cooling-System-Toy-p-1301604.html?p=JA280216647382201711&custlinkid=1810343
1305641,"Volantexrc 791-1 65cm 2.4G 4CH RC Boat Compass Pre-assembled Sailboat Without Battery Toy",https://imgaz2.staticbg.com/thumb/gallery/oaupload/banggood/images/A5/56/c35eda74-4587-4b01-b779-157008f1401c.jpg,https://www.banggood.com/Volantexrc-791-1-65cm-2_4G-4CH-RC-Boat-Compass-Pre-assembled-Sailboat-Without-Battery-Toy-reviews-p1305641.html,US$170.93,US$11.97,https://www.banggood.com/Volantexrc-791-1-65cm-2_4G-4CH-RC-Boat-Compass-Pre-assembled-Sailboat-Without-Battery-Toy-p-1305641.html?p=JA280216647382201711&custlinkid=1810344
1323194,"UDIRC UDI005 630mm 2.4G 50km/h Brushless RC Boat High Speed With Water Cooling System",https://imgaz3.staticbg.com/thumb/gallery/oaupload/banggood/images/BF/85/e6b3c6b3-f042-47dc-9a10-91ec3a7e7ebe.jpg,https://www.banggood.com/UDIRC-UDI005-630mm-2_4G-50km-or-h-Brushless-RC-Boat-High-Speed-With-Water-Cooling-System-reviews-p1323194.html,US$234.45,US$16.41,https://www.banggood.com/UDIRC-UDI005-630mm-2_4G-50km-or-h-Brushless-RC-Boat-High-Speed-With-Water-Cooling-System-p-1323194.html?p=JA280216647382201711&custlinkid=1810345
1347199,"Waterproof Electric 300W Underwater Sea Scooter Dual Speed ​​Propeller Drving Pool Submarine Toy",https://imgaz2.staticbg.com/thumb/gallery/oaupload/banggood/images/D6/93/fb13a88b-f508-4c51-adf0-2df3eb77a9f5.jpg,https://www.banggood.com/Waterproof-Electric-300W-Underwater-Sea-Scooter-Dual-Speed-Propeller-Drving-Pool-Submarine-Toy-reviews-p1347199.html,US$243.99,US$17.08,https://www.banggood.com/Waterproof-Electric-300W-Underwater-Sea-Scooter-Dual-Speed-Propeller-Drving-Pool-Submarine-Toy-p-1347199.html?p=JA280216647382201711&custlinkid=1810346
1378356,"TFL 1133 1040mm 2.4G RC Boat Double Brushless Motor 120A ESC without Battery Servo Transmitter Charger",https://imgaz.staticbg.com/thumb/gallery/oaupload/banggood/images/65/93/308c85c5-8700-4a42-9048-9430d328cda4.jpg,https://www.banggood.com/TFL-1133-1040mm-2_4G-RC-Boat-Double-Brushless-Motor-120A-ESC-without-Battery-Servo-Transmitter-Charger-reviews-p1378356.html,US$792.32,US$55.46,https://www.banggood.com/TFL-1133-1040mm-2_4G-RC-Boat-Double-Brushless-Motor-120A-ESC-without-Battery-Servo-Transmitter-Charger-p-1378356.html?p=JA280216647382201711&custlinkid=1810347
1382620,"ROV POSEIDON Drone Underwater 1080P Camera Undersea Detection Underwater 50M/100M RC Submarine",https://imgaz.staticbg.com/thumb/gallery/oaupload/banggood/images/4D/69/4fe8603b-25b8-4ac2-a19e-863b56570294.png,https://www.banggood.com/ROV-POSEIDON-Drone-Underwater-1080P-Camera-Undersea-Detection-Underwater-50M-or-100M-RC-Submarine-reviews-p1382620.html,"US$1,861.99 ~ US$2,011.99",US$149.89,https://www.banggood.com/ROV-POSEIDON-Drone-Underwater-1080P-Camera-Undersea-Detection-Underwater-50M-or-100M-RC-Submarine-p-1382620.html?p=JA280216647382201711&custlinkid=1810348
1453837,"Flytec V500 50cm Fishing Bait RC Boat 500M Remote Fish Finder 5.4km/h Double Motor Toys",https://imgaz3.staticbg.com/thumb/gallery/oaupload/banggood/images/E4/43/2407b144-b6e1-450b-bd56-e9404ea1133c.jpg,https://www.banggood.com/Flytec-V500-50cm-Fishing-Bait-RC-Boat-500M-Remote-Fish-Finder-5_4km-or-h-Double-Motor-Toys-reviews-p1453837.html,US$198.65,US$13.91,https://www.banggood.com/Flytec-V500-50cm-Fishing-Bait-RC-Boat-500M-Remote-Fish-Finder-5_4km-or-h-Double-Motor-Toys-p-1453837.html?p=JA280216647382201711&custlinkid=1810349
1455476,"Electric RC Submarine Boat Torpedo Assembly Model Kits DIY Extracurricular Toys Kid`s Gifts Explore the Sea",https://imgaz.staticbg.com/thumb/gallery/oaupload/banggood/images/2F/25/73cec7b1-d1d7-4927-a66f-5c6d707cdb08.jpg,https://www.banggood.com/Electric-RC-Submarine-Boat-Torpedo-Assembly-Model-Kits-DIY-Extracurricular-Toys-Kids-Gifts-Explore-the-Sea-reviews-p1455476.html,US$24.99,US$1.75,https://www.banggood.com/Electric-RC-Submarine-Boat-Torpedo-Assembly-Model-Kits-DIY-Extracurricular-Toys-Kids-Gifts-Explore-the-Sea-p-1455476.html?p=JA280216647382201711&custlinkid=1810350
1531071,"Flytec 2011 5 2 Battery Fishing Bait RC Boat Fish Finder 5.4km/h Double Motor Toys",https://imgaz3.staticbg.com/thumb/gallery/oaupload/banggood/images/C3/75/11ac5c9a-ac1f-481b-bc7f-e836468df929.jpg,https://www.banggood.com/Flytec-2011-5-2-Battery-Fishing-Bait-RC-Boat-Fish-Finder-5_4km-or-h-Double-Motor-Toys-reviews-p1531071.html,US$175.55,US$12.29,https://www.banggood.com/Flytec-2011-5-2-Battery-Fishing-Bait-RC-Boat-Fish-Finder-5_4km-or-h-Double-Motor-Toys-p-1531071.html?p=JA280216647382201711&custlinkid=1810351
1537028,"JJRC H36F Terzetto 1/20 2.4G 3 In 1 RC Boat Vehicle Flying Drone Land Driving RTR Model",https://imgaz3.staticbg.com/thumb/gallery/oaupload/ser1/banggood/images/27/53/51ea798a-86ad-4315-b918-89e2fd7616b0.jpg,https://www.banggood.com/JJRC-H36F-Terzetto-1-or-20-2_4G-3-In-1-RC-Boat-Vehicle-Flying-Drone-Land-Driving-RTR-Model-reviews-p1537028.html,US$26.55,US$1.86,https://www.banggood.com/JJRC-H36F-Terzetto-1-or-20-2_4G-3-In-1-RC-Boat-Vehicle-Flying-Drone-Land-Driving-RTR-Model-p-1537028.html?p=JA280216647382201711&custlinkid=1810352
1546369,"NQD 757 1/325 2.4G 80cm Simulation Titanic RC Boat Electric Ship Model with Light RTR Toys",https://imgaz.staticbg.com/thumb/gallery/oaupload/banggood/images/FF/14/b17612b8-bb41-47bf-8046-b466f938753c.jpg,https://www.banggood.com/NQD-757-1-or-325-2_4G-80cm-Simulation-Titanic-RC-Boat-Electric-Ship-Model-with-Light-RTR-Toys-reviews-p1546369.html,US$191.99,US$13.44,https://www.banggood.com/NQD-757-1-or-325-2_4G-80cm-Simulation-Titanic-RC-Boat-Electric-Ship-Model-with-Light-RTR-Toys-p-1546369.html?p=JA280216647382201711&custlinkid=1810353
1578068,"GARTT 2.4G High Speed 55km/h Swamp Air RC Boat Snow Beach Water Vehicle Models",https://imgaz2.staticbg.com/thumb/gallery/oaupload/ser1/banggood/images/33/63/6b0df68d-02ea-4562-93b9-e0121c45437e.jpg,https://www.banggood.com/GARTT-2_4G-High-Speed-55km-or-h-Swamp-Air-RC-Boat-Snow-Beach-Water-Vehicle-Models-reviews-p1578068.html,US$150.99,US$10.57,https://www.banggood.com/GARTT-2_4G-High-Speed-55km-or-h-Swamp-Air-RC-Boat-Snow-Beach-Water-Vehicle-Models-p-1578068.html?p=JA280216647382201711&custlinkid=1810354
1582729,"Flytec V005 2.4G Electric RC Boat Simulation Crocodile Head Vehicles RTR Model Toy",https://imgaz1.staticbg.com/thumb/gallery/oaupload/ser1/banggood/images/3D/42/91794ddb-0b7a-4ea8-98e0-4ccc43c4cdf8.jpg,https://www.banggood.com/Flytec-V005-2_4G-Electric-RC-Boat-Simulation-Crocodile-Head-Vehicles-RTR-Model-Toy-reviews-p1582729.html,US$56.09,US$3.93,https://www.banggood.com/Flytec-V005-2_4G-Electric-RC-Boat-Simulation-Crocodile-Head-Vehicles-RTR-Model-Toy-p-1582729.html?p=JA280216647382201711&custlinkid=1810355
1636401,"500M 2.4G RC Bait Fishing Automatic Return Fishing Bait RC Boat Vehicle Models With Sonar",https://imgaz3.staticbg.com/thumb/gallery/oaupload/banggood/images/81/7C/f8889687-3380-438d-8e66-d79e2416e4bf.jpg,https://www.banggood.com/500M-2_4G-RC-Bait-Fishing-Automatic-Return-Fishing-Bait-RC-Boat-Vehicle-Models-With-Sonar-reviews-p1636401.html,"US$112.99 ~ US$152.99",US$9.14,https://www.banggood.com/500M-2_4G-RC-Bait-Fishing-Automatic-Return-Fishing-Bait-RC-Boat-Vehicle-Models-With-Sonar-p-1636401.html?p=JA280216647382201711&custlinkid=1810356
1645765,"UD 1906 2.4G Electric RC Boat Vehicle Models 80m Control Distance",https://imgaz.staticbg.com/thumb/gallery/oaupload/ser1/banggood/images/47/64/ee677486-38f4-4244-838d-248e005991ed.JPG,https://www.banggood.com/UD-1906-2_4G-Electric-RC-Boat-Vehicle-Models-80m-Control-Distance-reviews-p1645765.html,US$60.05,US$4.2,https://www.banggood.com/UD-1906-2_4G-Electric-RC-Boat-Vehicle-Models-80m-Control-Distance-p-1645765.html?p=JA280216647382201711&custlinkid=1810357
1655316,"Crazon RH701 1/47 2.4G RC Boat Electric Ship Vehicles Model RTR Toys",https://imgaz1.staticbg.com/thumb/gallery/oaupload/banggood/images/6E/6A/86934511-ae53-400e-a815-315ba3e49517.jpg,https://www.banggood.com/Crazon-RH701-1-or-47-2_4G-RC-Boat-Electric-Ship-Vehicles-Model-RTR-Toys-reviews-p1655316.html,US$26.55,US$1.86,https://www.banggood.com/Crazon-RH701-1-or-47-2_4G-RC-Boat-Electric-Ship-Vehicles-Model-RTR-Toys-p-1655316.html?p=JA280216647382201711&custlinkid=1810358
1661201,"Volantexrc 795-4 Vector XS 30km/h RC Boat with Self-Righting & Reverse Function RTR Model",https://imgaz.staticbg.com/thumb/gallery/oaupload/banggood/images/1C/79/7ca5b19a-849e-4087-b693-c389646a1cbc.jpg,https://www.banggood.com/Volantexrc-795-4-Vector-XS-30km-or-h-RC-Boat-with-Self-Righting-and-Reverse-Function-RTR-Model-reviews-p1661201.html,US$55.78,US$3.9,https://www.banggood.com/Volantexrc-795-4-Vector-XS-30km-or-h-RC-Boat-with-Self-Righting-and-Reverse-Function-RTR-Model-p-1661201.html?p=JA280216647382201711&custlinkid=1810359
1675649,"T11B 2.4G 4CH Electric RC Boat Simulation Shark Animal RTR Model Toys",https://imgaz1.staticbg.com/thumb/gallery/oaupload/banggood/images/0F/C4/e0d66a77-1858-4a8e-98c6-23d7da80ad82.jpg,https://www.banggood.com/T11B-2_4G-4CH-Electric-RC-Boat-Simulation-Shark-Animal-RTR-Model-Toys-reviews-p1675649.html,US$27.49,US$1.92,https://www.banggood.com/T11B-2_4G-4CH-Electric-RC-Boat-Simulation-Shark-Animal-RTR-Model-Toys-p-1675649.html?p=JA280216647382201711&custlinkid=1810360
1705451,"T11B with Two Battery 2.4G 4CH Electric RC Boat Simulation Shark Animal RTR Model Kids Toys",https://imgaz1.staticbg.com/thumb/gallery/oaupload/banggood/images/CA/27/62eb3d11-22db-4a84-9597-84a7bdd5a42b.jpg,https://www.banggood.com/T11B-with-Two-Battery-2_4G-4CH-Electric-RC-Boat-Simulation-Shark-Animal-RTR-Model-Kids-Toys-reviews-p1705451.html,US$27.49,US$1.92,https://www.banggood.com/T11B-with-Two-Battery-2_4G-4CH-Electric-RC-Boat-Simulation-Shark-Animal-RTR-Model-Kids-Toys-p-1705451.html?p=JA280216647382201711&custlinkid=1810361
1707267,"HR iOCEAN 1 2.4G High Speed Electric RC Boat Vehicle Models Toy 25km/h",https://imgaz2.staticbg.com/thumb/gallery/oaupload/banggood/images/B3/23/da5be535-2f2c-4606-b8d9-f4147c634af5.jpg,https://www.banggood.com/HR-iOCEAN-1-2_4G-High-Speed-Electric-RC-Boat-Vehicle-Models-Toy-25km-or-h-reviews-p1707267.html,US$70.44,US$4.93,https://www.banggood.com/HR-iOCEAN-1-2_4G-High-Speed-Electric-RC-Boat-Vehicle-Models-Toy-25km-or-h-p-1707267.html?p=JA280216647382201711&custlinkid=1810362
1709486,"Eachine EBT01 Remote Control Shark Toy Pool Toy with LED Light and Several Batteries 2.4G 4CH Electric High Simulation Shark Bath Toy Waterproof RC Boat Great Gift for 3-10 Year Old Boys and Girls",https://imgaz3.staticbg.com/thumb/gallery/oaupload/banggood/images/E7/87/171e0bde-8fcb-4837-8742-ed27b793e3b0.jpg,https://www.banggood.com/Eachine-EBT01-Remote-Control-Shark-Toy-Pool-Toy-with-LED-Light-and-Several-Batteries-2_4G-4CH-Electric-High-Simulation-Shark-Bath-Toy-Waterproof-RC-Boat-Great-Gift-for-3-10-Year-Old-Boys-and-Girls-reviews-p1709486.html,"US$35.99 ~ US$39.99",US$1.82,https://www.banggood.com/Eachine-EBT01-Remote-Control-Shark-Toy-Pool-Toy-with-LED-Light-and-Several-Batteries-2_4G-4CH-Electric-High-Simulation-Shark-Bath-Toy-Waterproof-RC-Boat-Great-Gift-for-3-10-Year-Old-Boys-and-Girls-p-1709486.html?p=JA280216647382201711&custlinkid=1810363
1720717,"Volantexrc Vector SR80 Pro 70km/h 800mm 798-4P ARTR RC Boat with All Metal Hardwares Auto Roll Back Function",https://imgaz3.staticbg.com/thumb/gallery/oaupload/banggood/images/76/E6/55a69b07-400b-4903-988e-3039420897a1.jpg,https://www.banggood.com/Volantexrc-Vector-SR80-Pro-70km-or-h-800mm-798-4P-ARTR-RC-Boat-with-All-Metal-Hardwares-Auto-Roll-Back-Function-reviews-p1720717.html,US$282.96,US$19.81,https://www.banggood.com/Volantexrc-Vector-SR80-Pro-70km-or-h-800mm-798-4P-ARTR-RC-Boat-with-All-Metal-Hardwares-Auto-Roll-Back-Function-p-1720717.html?p=JA280216647382201711&custlinkid=1810364
1729983,"UDIRC UDI908 2.4G 40KM/h Brushless Waterproof RC Boat Capsize Reset RTR Model with Water Cooling System",https://imgaz.staticbg.com/thumb/gallery/oaupload/banggood/images/0B/26/07e5ddf9-c8a8-406f-848f-c7c2cb82572d.jpg,https://www.banggood.com/UDIRC-UDI908-2_4G-40KM-or-h-Brushless-Waterproof-RC-Boat-Capsize-Reset-RTR-Model-with-Water-Cooling-System-reviews-p1729983.html,US$117.99,US$8.26,https://www.banggood.com/UDIRC-UDI908-2_4G-40KM-or-h-Brushless-Waterproof-RC-Boat-Capsize-Reset-RTR-Model-with-Water-Cooling-System-p-1729983.html?p=JA280216647382201711&custlinkid=1810365
1814577,"B061 B068 DIY RC Speed Boat Kit Wooden Sponson Outrigger Shrimp Model",https://imgaz.staticbg.com/thumb/gallery/oaupload/banggood/images/EF/83/c9ad3300-bf76-4778-8bad-b0b62ede94d0.jpg,https://www.banggood.com/B061-B068-DIY-RC-Speed-Boat-Kit-Wooden-Sponson-Outrigger-Shrimp-Model-reviews-p1814577.html,"US$25.99 ~ US$93.99",US$2.1,https://www.banggood.com/B061-B068-DIY-RC-Speed-Boat-Kit-Wooden-Sponson-Outrigger-Shrimp-Model-p-1814577.html?p=JA280216647382201711&custlinkid=1810366
1827026,"Flytec V008 High Speed Jet RC Boat 35km/h Vehicle Models 150m Control Distance",https://imgaz2.staticbg.com/thumb/gallery/oaupload/banggood/images/C5/35/7b4dfc53-f239-4251-a731-34a68cbb05c4.jpg,https://www.banggood.com/Flytec-V008-High-Speed-Jet-RC-Boat-35km-or-h-Vehicle-Models-150m-Control-Distance-reviews-p1827026.html,US$87.77,US$6.14,https://www.banggood.com/Flytec-V008-High-Speed-Jet-RC-Boat-35km-or-h-Vehicle-Models-150m-Control-Distance-p-1827026.html?p=JA280216647382201711&custlinkid=1810367
1827583,"Mini 2.4G Electric RC Boat Vehicle Models High Speed 25km/h",https://imgaz2.staticbg.com/thumb/gallery/oaupload/banggood/images/47/08/76592bf2-190e-4feb-8c94-b1070089c531.jpg,https://www.banggood.com/Mini-2_4G-Electric-RC-Boat-Vehicle-Models-High-Speed-25km-or-h-reviews-p1827583.html,US$31.17,US$2.18,https://www.banggood.com/Mini-2_4G-Electric-RC-Boat-Vehicle-Models-High-Speed-25km-or-h-p-1827583.html?p=JA280216647382201711&custlinkid=1810368
1830098,"Mini RC Submarine 4 Channels Smart Electric Submarine Boat Simulation Remote Control Drone Model Toy For Children",https://imgaz1.staticbg.com/thumb/gallery/oaupload/banggood/images/B2/E6/4f0d770f-fb4a-4ad4-a534-6d4aabf0f4d7.jpg,https://www.banggood.com/Mini-RC-Submarine-4-Channels-Smart-Electric-Submarine-Boat-Simulation-Remote-Control-Drone-Model-Toy-For-Children-reviews-p1830098.html,US$24.24,US$1.7,https://www.banggood.com/Mini-RC-Submarine-4-Channels-Smart-Electric-Submarine-Boat-Simulation-Remote-Control-Drone-Model-Toy-For-Children-p-1830098.html?p=JA280216647382201711&custlinkid=1810369
1852806,"Feilun FT011 Several Battery 65CM 2.4G 50km/h Brushless RC Boat High Speed Model with Water Cooling System Toys",https://imgaz1.staticbg.com/thumb/gallery/oaupload/banggood/images/2A/3C/9a6db7ff-a031-49b7-8d9a-dce763a520ba.jpg,https://www.banggood.com/Feilun-FT011-Several-Battery-65CM-2_4G-50km-or-h-Brushless-RC-Boat-High-Speed-Model-with-Water-Cooling-System-Toys-reviews-p1852806.html,"US$175.99 ~ US$202.99",US$11.2,https://www.banggood.com/Feilun-FT011-Several-Battery-65CM-2_4G-50km-or-h-Brushless-RC-Boat-High-Speed-Model-with-Water-Cooling-System-Toys-p-1852806.html?p=JA280216647382201711&custlinkid=1810370
1860243,"Henglong 3837 2.4G Luxury Boat High Speed RC Boat Vehicle Models Upgraded A Version 7000mah",https://imgaz2.staticbg.com/thumb/gallery/oaupload/banggood/images/F9/16/cd0f50c0-9773-4d9d-838a-019dc20dce30.jpg,https://www.banggood.com/Henglong-3837-2_4G-Luxury-Boat-High-Speed-RC-Boat-Vehicle-Models-Upgraded-A-Version-7000mah-reviews-p1860243.html,US$165.15,US$11.56,https://www.banggood.com/Henglong-3837-2_4G-Luxury-Boat-High-Speed-RC-Boat-Vehicle-Models-Upgraded-A-Version-7000mah-p-1860243.html?p=JA280216647382201711&custlinkid=1810371
1860803,"Wood Electric 25""(626mm) RC Airboat Air Boat Speed Racing Boat Radio-Controlled DIY Building Kits Remote Control Toys",https://imgaz3.staticbg.com/thumb/gallery/oaupload/banggood/images/F0/3A/8425c96d-2194-4389-b193-215a56dab5ce.jpg,https://www.banggood.com/Wood-Electric-25-inch-(626mm)-RC-Airboat-Air-Boat-Speed-Racing-Boat-Radio-Controlled-DIY-Building-Kits-Remote-Control-Toys-reviews-p1860803.html,"US$45.99 ~ US$85.99",US$3.72,https://www.banggood.com/Wood-Electric-25-inch-(626mm)-RC-Airboat-Air-Boat-Speed-Racing-Boat-Radio-Controlled-DIY-Building-Kits-Remote-Control-Toys-p-1860803.html?p=JA280216647382201711&custlinkid=1810372
1866021,"HR iOCEAN 2 2.4G High Speed Electric RC Boat Vehicle Models Toy 15km/h",https://imgaz1.staticbg.com/thumb/gallery/oaupload/banggood/images/51/DE/a2745431-f4f6-4758-9673-ff542d57af06.jpg,https://www.banggood.com/HR-iOCEAN-2-2_4G-High-Speed-Electric-RC-Boat-Vehicle-Models-Toy-15km-or-h-reviews-p1866021.html,US$33.34,US$2.33,https://www.banggood.com/HR-iOCEAN-2-2_4G-High-Speed-Electric-RC-Boat-Vehicle-Models-Toy-15km-or-h-p-1866021.html?p=JA280216647382201711&custlinkid=1810373
1871334,"JY10 2.4Ghz RC Golden Shark Boat Robot Radio Simulation Waterproof Electronic Remote Control Swimming Animal Toys RC Boats RC Vehicles Model For Children Kids",https://imgaz1.staticbg.com/thumb/gallery/oaupload/banggood/images/2D/5D/c467560f-2336-4d31-844c-13a18471db7d.jpg,https://www.banggood.com/JY10-2_4Ghz-RC-Golden-Shark-Boat-Robot-Radio-Simulation-Waterproof-Electronic-Remote-Control-Swimming-Animal-Toys-RC-Boats-RC-Vehicles-Model-For-Children-Kids-reviews-p1871334.html,US$29.89,US$2.09,https://www.banggood.com/JY10-2_4Ghz-RC-Golden-Shark-Boat-Robot-Radio-Simulation-Waterproof-Electronic-Remote-Control-Swimming-Animal-Toys-RC-Boats-RC-Vehicles-Model-For-Children-Kids-p-1871334.html?p=JA280216647382201711&custlinkid=1810374
1874343,"Y528 Mini Children RC Boat Fast Speed Ship Toy Double Battery",https://imgaz3.staticbg.com/thumb/gallery/oaupload/banggood/images/62/10/99b2423c-d146-4868-aba0-98e4d89d3b10.jpg,https://www.banggood.com/Y528-Mini-Children-RC-Boat-Fast-Speed-Ship-Toy-Double-Battery-reviews-p1874343.html,US$17.49,US$1.22,https://www.banggood.com/Y528-Mini-Children-RC-Boat-Fast-Speed-Ship-Toy-Double-Battery-p-1874343.html?p=JA280216647382201711&custlinkid=1810375
1875698,"Henglong 2.4G HQ5010 Electric High Speed RC Boat Vehicle Model Toy",https://imgaz3.staticbg.com/thumb/gallery/oaupload/banggood/images/8E/91/4267d82c-9928-4ed7-a46f-324500157cc3.jpg,https://www.banggood.com/Henglong-2_4G-HQ5010-Electric-High-Speed-RC-Boat-Vehicle-Model-Toy-reviews-p1875698.html,US$27.99,US$1.96,https://www.banggood.com/Henglong-2_4G-HQ5010-Electric-High-Speed-RC-Boat-Vehicle-Model-Toy-p-1875698.html?p=JA280216647382201711&custlinkid=1810376
1881012,"Henglong 2.4G HQ5011 Electric High Speed RC Boat Vehicle Model Toy Children Gift",https://imgaz3.staticbg.com/thumb/gallery/oaupload/banggood/images/CC/E5/5c7d9e82-854a-4295-8f6c-18efdc7171f9.jpg,https://www.banggood.com/Henglong-2_4G-HQ5011-Electric-High-Speed-RC-Boat-Vehicle-Model-Toy-Children-Gift-reviews-p1881012.html,US$21.99,US$1.54,https://www.banggood.com/Henglong-2_4G-HQ5011-Electric-High-Speed-RC-Boat-Vehicle-Model-Toy-Children-Gift-p-1881012.html?p=JA280216647382201711&custlinkid=1810377
1882082,"Feilun FT012 RTR Several Battery Upgraded FT009 2.4G Brushless RC Racing Boat 45km/h Vehicles Model Toys",https://imgaz.staticbg.com/thumb/gallery/oaupload/banggood/images/D9/B9/752f9a7d-7e01-4fe1-a7d7-231876bac3af.jpg,https://www.banggood.com/Feilun-FT012-RTR-Several-Battery-Upgraded-FT009-2_4G-Brushless-RC-Racing-Boat-45km-or-h-Vehicles-Model-Toys-reviews-p1882082.html,"US$149.99 ~ US$166.99",US$12.07,https://www.banggood.com/Feilun-FT012-RTR-Several-Battery-Upgraded-FT009-2_4G-Brushless-RC-Racing-Boat-45km-or-h-Vehicles-Model-Toys-p-1882082.html?p=JA280216647382201711&custlinkid=1810378
1883124,"Eachine EBT04 Several Battery RTR 2.4G 4CH 40km/h Brushless RC Boat Vechicles Models w/ Colorful Lights Water Cooling System",https://imgaz1.staticbg.com/thumb/gallery/oaupload/banggood/images/9D/05/360c65a7-21fa-42b8-ad45-2271228418cd.jpg,https://www.banggood.com/Eachine-EBT04-Several-Battery-RTR-2_4G-4CH-40km-or-h-Brushless-RC-Boat-Vechicles-Models-w-or-Colorful-Lights-Water-Cooling-System-reviews-p1883124.html,"US$79.99 ~ US$87.99",US$6.3,https://www.banggood.com/Eachine-EBT04-Several-Battery-RTR-2_4G-4CH-40km-or-h-Brushless-RC-Boat-Vechicles-Models-w-or-Colorful-Lights-Water-Cooling-System-p-1883124.html?p=JA280216647382201711&custlinkid=1810379
1884033,"Volantexrc Vector EXA79704R 40km/h RTR Brushless RC Boat Vehicles Toys w/ Self-Righting Reverse Water Cooling Model",https://imgaz3.staticbg.com/thumb/gallery/oaupload/banggood/images/A4/E2/76cf3d9b-9e5a-418a-950f-476bff6a515b.jpg,https://www.banggood.com/Volantexrc-Vector-EXA79704R-40km-or-h-RTR-Brushless-RC-Boat-Vehicles-Toys-w-or-Self-Righting-Reverse-Water-Cooling-Model-reviews-p1884033.html,US$134.54,US$9.42,https://www.banggood.com/Volantexrc-Vector-EXA79704R-40km-or-h-RTR-Brushless-RC-Boat-Vehicles-Toys-w-or-Self-Righting-Reverse-Water-Cooling-Model-p-1884033.html?p=JA280216647382201711&custlinkid=1810380
1884720,"Volantexrc Several Battery Vector EXA79704R 40km/h RTR Brushless RC Boat Vehicles Toys Self-Righting Reverse Water Cooling Model",https://imgaz2.staticbg.com/thumb/gallery/oaupload/banggood/images/46/D5/b6c19015-008a-4dea-9cbf-277848982c4c.png,https://www.banggood.com/Volantexrc-Several-Battery-Vector-EXA79704R-40km-or-h-RTR-Brushless-RC-Boat-Vehicles-Toys-Self-Righting-Reverse-Water-Cooling-Model-reviews-p1884720.html,"US$132.99 ~ US$142.99",US$10.71,https://www.banggood.com/Volantexrc-Several-Battery-Vector-EXA79704R-40km-or-h-RTR-Brushless-RC-Boat-Vehicles-Toys-Self-Righting-Reverse-Water-Cooling-Model-p-1884720.html?p=JA280216647382201711&custlinkid=1810381
1891751,"Wltoys W915A 2.4G brushless RC Boat High Speed 45km/h F1 Vehicle Toys",https://imgaz3.staticbg.com/thumb/gallery/oaupload/banggood/images/B9/DF/817e1b3e-edf1-4fb5-affc-1a445534d30a.jpg,https://www.banggood.com/Wltoys-W915A-2_4G-brushless-RC-Boat-High-Speed-45km-or-h-F1-Vehicle-Toys-reviews-p1891751.html,US$133.39,US$9.34,https://www.banggood.com/Wltoys-W915A-2_4G-brushless-RC-Boat-High-Speed-45km-or-h-F1-Vehicle-Toys-p-1891751.html?p=JA280216647382201711&custlinkid=1810382
1893798,"LH 9351 RTR 2.4G 30kph Fast RC Boat w/ Self-Righting Anti-Roll Back Vehicles Model Toys",https://imgaz3.staticbg.com/thumb/gallery/oaupload/banggood/images/F4/30/b1e989cf-c49b-4bde-b610-630e4e283a50.jpg,https://www.banggood.com/LH-9351-RTR-2_4G-30kph-Fast-RC-Boat-w-or-Self-Righting-Anti-Roll-Back-Vehicles-Model-Toys-reviews-p1893798.html,US$55.99,US$3.92,https://www.banggood.com/LH-9351-RTR-2_4G-30kph-Fast-RC-Boat-w-or-Self-Righting-Anti-Roll-Back-Vehicles-Model-Toys-p-1893798.html?p=JA280216647382201711&custlinkid=1810383
1898634,"Volantexrc RTR Two Batteries Vector SR80 Pro 70km/h 800mm 798-4P ARTR RC Boat Metal Hardwares Auto Roll Back Function",https://imgaz3.staticbg.com/thumb/gallery/oaupload/banggood/images/24/D7/bae7fc0a-826c-4b57-a0b5-a17ddc511ce2.jpg,https://www.banggood.com/Volantexrc-RTR-Two-Batteries-Vector-SR80-Pro-70km-or-h-800mm-798-4P-ARTR-RC-Boat-Metal-Hardwares-Auto-Roll-Back-Function-reviews-p1898634.html,US$282.99,US$19.81,https://www.banggood.com/Volantexrc-RTR-Two-Batteries-Vector-SR80-Pro-70km-or-h-800mm-798-4P-ARTR-RC-Boat-Metal-Hardwares-Auto-Roll-Back-Function-p-1898634.html?p=JA280216647382201711&custlinkid=1810384
1901880,"EACHINE EB02 RC Boat Remote Control Ship 2.4G 4CH High Speed Motor Up To 30+ KPH Toys",https://imgaz3.staticbg.com/thumb/gallery/oaupload/banggood/images/20/98/ce695323-50f7-49d2-b5f4-11864d61bf72.jpg,https://www.banggood.com/EACHINE-EB02-RC-Boat-Remote-Control-Ship-2_4G-4CH-High-Speed-Motor-Up-To-30+-KPH-Toys-reviews-p1901880.html,US$51.99,US$3.64,https://www.banggood.com/EACHINE-EB02-RC-Boat-Remote-Control-Ship-2_4G-4CH-High-Speed-Motor-Up-To-30+-KPH-Toys-p-1901880.html?p=JA280216647382201711&custlinkid=1810385
1902645,"Mini Remote Control High Speed Boat Led Light Palm Speed Boat Summer Water Toy Pool Toy",https://imgaz3.staticbg.com/thumb/gallery/oaupload/banggood/images/28/44/cb2ac7fe-7322-46a0-8613-f6f4d5a1b01b.jpg,https://www.banggood.com/Mini-Remote-Control-High-Speed-Boat-Led-Light-Palm-Speed-Boat-Summer-Water-Toy-Pool-Toy-reviews-p1902645.html,US$18.99,US$1.33,https://www.banggood.com/Mini-Remote-Control-High-Speed-Boat-Led-Light-Palm-Speed-Boat-Summer-Water-Toy-Pool-Toy-p-1902645.html?p=JA280216647382201711&custlinkid=1810386
1905077,"HT 1/360 3827B 71cm Warship Rotable Turret Ship 2.4G 4CH Wireless RC Boat Vehicle Models",https://imgaz.staticbg.com/thumb/gallery/oaupload/banggood/images/A6/BF/e3613b13-1e02-4674-8a1f-30b28f0aa674.jpg,https://www.banggood.com/HT-1-or-360-3827B-71cm-Warship-Rotable-Turret-Ship-2_4G-4CH-Wireless-RC-Boat-Vehicle-Models-reviews-p1905077.html,US$141.99,US$9.94,https://www.banggood.com/HT-1-or-360-3827B-71cm-Warship-Rotable-Turret-Ship-2_4G-4CH-Wireless-RC-Boat-Vehicle-Models-p-1905077.html?p=JA280216647382201711&custlinkid=1810387
1906121,"TFL Hobby 1131Z F R 820mm Popeye Fibreglass RC Boat Frame Shaft Bracket Version without Electronic Parts",https://imgaz2.staticbg.com/thumb/gallery/oaupload/banggood/images/7E/DD/6817e28d-18c7-46e2-8fac-bddb37e5f160.jpg,https://www.banggood.com/TFL-Hobby-1131Z-F-R-820mm-Popeye-Fibreglass-RC-Boat-Frame-Shaft-Bracket-Version-without-Electronic-Parts-reviews-p1906121.html,US$649.75,US$45.48,https://www.banggood.com/TFL-Hobby-1131Z-F-R-820mm-Popeye-Fibreglass-RC-Boat-Frame-Shaft-Bracket-Version-without-Electronic-Parts-p-1906121.html?p=JA280216647382201711&custlinkid=1810388
1906160,"HT 1/115 2877B RTR 50cm 2.4G 4CH RC Boat Vehicles Dual Motors Millitary Warship Torpedo LED Lighting Models",https://imgaz1.staticbg.com/thumb/gallery/oaupload/banggood/images/64/3D/96d9a7f4-daf3-49ca-b69e-c45476f80747.jpg,https://www.banggood.com/HT-1-or-115-2877B-RTR-50cm-2_4G-4CH-RC-Boat-Vehicles-Dual-Motors-Millitary-Warship-Torpedo-LED-Lighting-Models-reviews-p1906160.html,US$99.99,US$7,https://www.banggood.com/HT-1-or-115-2877B-RTR-50cm-2_4G-4CH-RC-Boat-Vehicles-Dual-Motors-Millitary-Warship-Torpedo-LED-Lighting-Models-p-1906160.html?p=JA280216647382201711&custlinkid=1810389
1908221,"Henglong 2.4G HQ2011 15A Electric Mini High Speed 10km/h RC Boat Vehicle Model Toy Children Gift",https://imgaz.staticbg.com/thumb/gallery/oaupload/banggood/images/E2/EA/bac236ff-8368-402a-aa4c-06bfa0dfea88.jpg,https://www.banggood.com/Henglong-2_4G-HQ2011-15A-Electric-Mini-High-Speed-10km-or-h-RC-Boat-Vehicle-Model-Toy-Children-Gift-reviews-p1908221.html,US$23.99,US$1.68,https://www.banggood.com/Henglong-2_4G-HQ2011-15A-Electric-Mini-High-Speed-10km-or-h-RC-Boat-Vehicle-Model-Toy-Children-Gift-p-1908221.html?p=JA280216647382201711&custlinkid=1810390
1911182,"Eachine EBT05 RTR 2.4G 4CH 40km/h Brushless High Speed RC Boat Length 57cm Vehicles Models w/ Capsize Water Cooling System Toys",https://imgaz1.staticbg.com/thumb/gallery/oaupload/banggood/images/52/5E/3a05ad10-0e75-4b56-94fe-5b2f28a03d36.jpg,https://www.banggood.com/Eachine-EBT05-RTR-2_4G-4CH-40km-or-h-Brushless-High-Speed-RC-Boat-Length-57cm-Vehicles-Models-w-or-Capsize-Water-Cooling-System-Toys-reviews-p1911182.html,"US$138.39 ~ US$154.39",US$9.69,https://www.banggood.com/Eachine-EBT05-RTR-2_4G-4CH-40km-or-h-Brushless-High-Speed-RC-Boat-Length-57cm-Vehicles-Models-w-or-Capsize-Water-Cooling-System-Toys-p-1911182.html?p=JA280216647382201711&custlinkid=1810391
1913943,"HT 1/250 3826B RTR 6.8km/h 2.4G 4CH RC Boat Vehicles Dual Motors Millitary Warship Battleship LED Lighting Models",https://imgaz1.staticbg.com/thumb/gallery/oaupload/banggood/images/8E/F9/a96b9259-331b-4283-88bc-71f629a38aa2.jpg,https://www.banggood.com/HT-1-or-250-3826B-RTR-6_8km-or-h-2_4G-4CH-RC-Boat-Vehicles-Dual-Motors-Millitary-Warship-Battleship-LED-Lighting-Models-reviews-p1913943.html,US$107.99,US$7.56,https://www.banggood.com/HT-1-or-250-3826B-RTR-6_8km-or-h-2_4G-4CH-RC-Boat-Vehicles-Dual-Motors-Millitary-Warship-Battleship-LED-Lighting-Models-p-1913943.html?p=JA280216647382201711&custlinkid=1810392
1916551,"MX 0031 2 In1 2.4G Python Head High-Speed Floating Spoof Remote Control RC Boat Vehicle Models",https://imgaz1.staticbg.com/thumb/gallery/oaupload/banggood/images/D8/1B/45b3163d-46f4-40f7-8ed2-fca71f187ea3.jpg,https://www.banggood.com/MX-0031-2-In1-2_4G-Python-Head-High-Speed-Floating-Spoof-Remote-Control-RC-Boat-Vehicle-Models-reviews-p1916551.html,US$21.99,US$1.54,https://www.banggood.com/MX-0031-2-In1-2_4G-Python-Head-High-Speed-Floating-Spoof-Remote-Control-RC-Boat-Vehicle-Models-p-1916551.html?p=JA280216647382201711&custlinkid=1810393
1920424,"RH-818-YW 2in1 2.4G 4CH Electric RC Boat Remote Control Simulation Shark Animal RTR Model Kids Toys",https://imgaz1.staticbg.com/thumb/gallery/oaupload/banggood/images/5A/6B/db7d1089-8fbd-4bd8-bc49-4aed74bdd199.jpg,https://www.banggood.com/RH-818-YW-2in1-2_4G-4CH-Electric-RC-Boat-Remote-Control-Simulation-Shark-Animal-RTR-Model-Kids-Toys-reviews-p1920424.html,US$20.99,US$1.47,https://www.banggood.com/RH-818-YW-2in1-2_4G-4CH-Electric-RC-Boat-Remote-Control-Simulation-Shark-Animal-RTR-Model-Kids-Toys-p-1920424.html?p=JA280216647382201711&custlinkid=1810394
1936513,"Flytec V009 2.4G 50km/h Turbine Driven Remote Control Jet Boat RTR Ship Model",https://imgaz3.staticbg.com/thumb/gallery/oaupload/banggood/images/94/F5/27b76795-a66b-4ebd-a919-49a6d3df52c8.jpg,https://www.banggood.com/Flytec-V009-2_4G-50km-or-h-Turbine-Driven-Remote-Control-Jet-Boat-RTR-Ship-Model-reviews-p1936513.html,US$66.99,US$4.69,https://www.banggood.com/Flytec-V009-2_4G-50km-or-h-Turbine-Driven-Remote-Control-Jet-Boat-RTR-Ship-Model-p-1936513.html?p=JA280216647382201711&custlinkid=1810395
