76768,"Walkera V450D03 Generation II 2.4G 6CH 6-Axis Gyro Brushless RC Helicopter RTF With Devo 7 ",https://imgaz3.staticbg.com/thumb/gallery/oaupload/banggood/images/34/E4/b9a4b044-de8e-48f3-ac83-8a92aba908bf.jpg,https://www.banggood.com/Walkera-V450D03-Generation-II-2_4G-6CH-6-Axis-Gyro-Brushless-RC-Helicopter-RTF-With-Devo-7--reviews-p76768.html,US$485.09,US$33.96,https://www.banggood.com/Walkera-V450D03-Generation-II-2_4G-6CH-6-Axis-Gyro-Brushless-RC-Helicopter-RTF-With-Devo-7--p-76768.html?p=JA280216647382201711&custlinkid=1809678
941286,"QS QS5010 3.5CH Super Mini Infrared RC Helicopter With Gyro Mode 2",https://imgaz2.staticbg.com/thumb/gallery/upload/2014/08/SKU162526-12.jpg,https://www.banggood.com/QS-QS5010-3_5CH-Super-Mini-Infrared-RC-Helicopter-With-Gyro-Mode-2-reviews-p941286.html,US$20.78,US$1.45,https://www.banggood.com/QS-QS5010-3_5CH-Super-Mini-Infrared-RC-Helicopter-With-Gyro-Mode-2-p-941286.html?p=JA280216647382201711&custlinkid=1809679
941430,"QS QS5013 2.5CH Mini Micro Remote Control RC Helicopter",https://imgaz.staticbg.com/thumb/gallery/upload/2014/02/SKU159880.1.jpg,https://www.banggood.com/QS-QS5013-2_5CH-Mini-Micro-Remote-Control-RC-Helicopter-reviews-p941430.html,US$15.00,US$1.05,https://www.banggood.com/QS-QS5013-2_5CH-Mini-Micro-Remote-Control-RC-Helicopter-p-941430.html?p=JA280216647382201711&custlinkid=1809680
974731,"XK K124 6CH Brushless EC145 3D6G System RC Helicopter RTF",https://imgaz3.staticbg.com/thumb/gallery/oaupload/banggood/images/84/04/5a93c196-1f5b-4ffe-85a3-57ab635acd59.jpg,https://www.banggood.com/XK-K124-6CH-Brushless-EC145-3D6G-System-RC-Helicopter-RTF-reviews-p974731.html,US$124.99,US$8.75,https://www.banggood.com/XK-K124-6CH-Brushless-EC145-3D6G-System-RC-Helicopter-RTF-p-974731.html?p=JA280216647382201711&custlinkid=1809558
976344,"XK K124 6CH Brushless EC145 3D6G System RC Helicopter BNF",https://imgaz.staticbg.com/thumb/gallery/oaupload/banggood/images/F6/23/8bc5df61-b3ab-44d3-9ba2-ed0301acedb2.jpg,https://www.banggood.com/XK-K124-6CH-Brushless-EC145-3D6G-System-RC-Helicopter-BNF-reviews-p976344.html,US$133.97,US$9.38,https://www.banggood.com/XK-K124-6CH-Brushless-EC145-3D6G-System-RC-Helicopter-BNF-p-976344.html?p=JA280216647382201711&custlinkid=1809681
1080417,"WLtoys V950 2.4G 6CH 3D6G System Brushless Flybarless RC Helicopter RTF",https://imgaz1.staticbg.com/thumb/gallery/oaupload/banggood/images/90/70/8467f20e-d924-41e4-9bc6-c107fae02e5b.jpg,https://www.banggood.com/WLtoys-V950-2_4G-6CH-3D6G-System-Brushless-Flybarless-RC-Helicopter-RTF-reviews-p1080417.html,US$127.99,US$8.96,https://www.banggood.com/WLtoys-V950-2_4G-6CH-3D6G-System-Brushless-Flybarless-RC-Helicopter-RTF-p-1080417.html?p=JA280216647382201711&custlinkid=1809682
1119984,"WLtoys V950 2.4G 6CH 3D6G System Brushless Flybarless RC Helicopter BNF",https://imgaz2.staticbg.com/thumb/gallery/oaupload/banggood/images/4C/15/c7457d1d-b282-4d9e-bd4d-a7d3a7b5ffbe.jpg,https://www.banggood.com/WLtoys-V950-2_4G-6CH-3D6G-System-Brushless-Flybarless-RC-Helicopter-BNF-reviews-p1119984.html,US$103.99,US$7.28,https://www.banggood.com/WLtoys-V950-2_4G-6CH-3D6G-System-Brushless-Flybarless-RC-Helicopter-BNF-p-1119984.html?p=JA280216647382201711&custlinkid=1809683
1177823,"ALZRC Devil 505 FAST RC Helicopter Kit",https://imgaz2.staticbg.com/thumb/gallery/oaupload/banggood/images/08/4C/a9d06d55-c28e-4cf7-8bdf-ec6e8591262c.jpg,https://www.banggood.com/ALZRC-Devil-505-FAST-RC-Helicopter-Kit-reviews-p1177823.html,US$509.34,US$35.65,https://www.banggood.com/ALZRC-Devil-505-FAST-RC-Helicopter-Kit-p-1177823.html?p=JA280216647382201711&custlinkid=1809684
1257223,"YD-713 IR Control 3.5 Channels Infrared RC Helicopter Flying Toy",https://imgaz.staticbg.com/thumb/gallery/oaupload/banggood/images/40/A7/726fce36-4089-4b4c-8653-2329cb43c9f7.jpg,https://www.banggood.com/YD-713-IR-Control-3_5-Channels-Infrared-RC-Helicopter-Flying-Toy-reviews-p1257223.html,US$56.58,US$3.96,https://www.banggood.com/YD-713-IR-Control-3_5-Channels-Infrared-RC-Helicopter-Flying-Toy-p-1257223.html?p=JA280216647382201711&custlinkid=1809685
1331410,"ALZRC X360 FAST FBL 6CH 3D Flying RC Helicopter Kit",https://imgaz3.staticbg.com/thumb/gallery/oaupload/banggood/images/10/E1/25bc353d-16a5-4e5a-be4c-0b4e5d7bc2f1.jpg,https://www.banggood.com/ALZRC-X360-FAST-FBL-6CH-3D-Flying-RC-Helicopter-Kit-reviews-p1331410.html,US$147.83,US$10.35,https://www.banggood.com/ALZRC-X360-FAST-FBL-6CH-3D-Flying-RC-Helicopter-Kit-p-1331410.html?p=JA280216647382201711&custlinkid=1809686
1343938,"ALZRC X360 FAST FBL 6CH 3D Flying RC Helicopter Super Combo With Motor ESC Servo Gyro",https://imgaz3.staticbg.com/thumb/gallery/oaupload/banggood/images/FF/F4/620721a5-a280-4555-8f1f-dfc86397a4fd.jpg,https://www.banggood.com/ALZRC-X360-FAST-FBL-6CH-3D-Flying-RC-Helicopter-Super-Combo-With-Motor-ESC-Servo-Gyro-reviews-p1343938.html,US$367.99,US$25.76,https://www.banggood.com/ALZRC-X360-FAST-FBL-6CH-3D-Flying-RC-Helicopter-Super-Combo-With-Motor-ESC-Servo-Gyro-p-1343938.html?p=JA280216647382201711&custlinkid=1809687
1360831,"JCZK ASSAULT 450L DFC 6CH 3D Flybarless RC Helicopter Kit With Brushless Motor",https://imgaz3.staticbg.com/thumb/gallery/oaupload/ser1/banggood/images/A1/2E/1fca63f2-9eec-41a2-bb6b-fcdbb7fb11ab.jpg,https://www.banggood.com/JCZK-ASSAULT-450L-DFC-6CH-3D-Flybarless-RC-Helicopter-Kit-With-Brushless-Motor-reviews-p1360831.html,US$194.94,US$13.65,https://www.banggood.com/JCZK-ASSAULT-450L-DFC-6CH-3D-Flybarless-RC-Helicopter-Kit-With-Brushless-Motor-p-1360831.html?p=JA280216647382201711&custlinkid=1809688
1360834,"JCZK ASSAULT 450L DFC 6CH 3D Flybarless RC Helicopter With Transmitter RTF",https://imgaz2.staticbg.com/thumb/gallery/oaupload/ser1/banggood/images/2A/96/64825eae-fe51-4b7d-9ba1-a94c26a1c27f.jpg,https://www.banggood.com/JCZK-ASSAULT-450L-DFC-6CH-3D-Flybarless-RC-Helicopter-With-Transmitter-RTF-reviews-p1360834.html,US$593.66,US$41.56,https://www.banggood.com/JCZK-ASSAULT-450L-DFC-6CH-3D-Flybarless-RC-Helicopter-With-Transmitter-RTF-p-1360834.html?p=JA280216647382201711&custlinkid=1809689
1415878,"XK K130 2.4G 6CH Brushless 3D6G System Flybarless RC Helicopter RTF Compatible with FUTABA S-FHSS",https://imgaz.staticbg.com/thumb/gallery/oaupload/banggood/images/5E/A9/481f94b8-968f-4851-a86d-369a10568135.jpg,https://www.banggood.com/XK-K130-2_4G-6CH-Brushless-3D6G-System-Flybarless-RC-Helicopter-RTF-Compatible-with-FUTABA-S-FHSS-reviews-p1415878.html,"US$163.99 ~ US$188.99",US$13.26,https://www.banggood.com/XK-K130-2_4G-6CH-Brushless-3D6G-System-Flybarless-RC-Helicopter-RTF-Compatible-with-FUTABA-S-FHSS-p-1415878.html?p=JA280216647382201711&custlinkid=1809690
1484529,"JCZK 300C 470L DFC 6CH Scale RC Helicopter RTF One-key Return GPS Hover with AT9S PRO Transmitter",https://imgaz2.staticbg.com/thumb/gallery/oaupload/banggood/images/B3/09/4cc7f213-522f-4f51-bbfd-153632eb40db.jpg,https://www.banggood.com/JCZK-300C-470L-DFC-6CH-Scale-RC-Helicopter-RTF-One-key-Return-GPS-Hover-with-AT9S-PRO-Transmitter-reviews-p1484529.html,US$745.99,US$52.22,https://www.banggood.com/JCZK-300C-470L-DFC-6CH-Scale-RC-Helicopter-RTF-One-key-Return-GPS-Hover-with-AT9S-PRO-Transmitter-p-1484529.html?p=JA280216647382201711&custlinkid=1809623
1494677,"WLtoys V911S 2.4G 4CH 6-Aixs Gyro Flybarless RC Helicopter RTF With 4PCS 3.7V 250MAh Lipo Battery",https://imgaz.staticbg.com/thumb/gallery/oaupload/banggood/images/5D/EB/2251f908-3096-461c-a0f3-b62813afd8f7.jpg,https://www.banggood.com/WLtoys-V911S-2_4G-4CH-6-Aixs-Gyro-Flybarless-RC-Helicopter-RTF-With-4PCS-3_7V-250MAh-Lipo-Battery-reviews-p1494677.html,US$87.77,US$6.14,https://www.banggood.com/WLtoys-V911S-2_4G-4CH-6-Aixs-Gyro-Flybarless-RC-Helicopter-RTF-With-4PCS-3_7V-250MAh-Lipo-Battery-p-1494677.html?p=JA280216647382201711&custlinkid=1809691
1497450,"XK K123 6CH Brushless 3D6G System AS350 Scale RC Helicopter Compatible with FUTAB-A S-FHSS 4PCS 3.7V 500MAH Lipo Battery",https://imgaz3.staticbg.com/thumb/gallery/oaupload/banggood/images/2A/84/c7326b0b-acca-4dfe-80ba-15e650a28ed1.jpg,https://www.banggood.com/XK-K123-6CH-Brushless-3D6G-System-AS350-Scale-RC-Helicopter-Compatible-with-FUTAB-A-S-FHSS-4PCS-3_7V-500MAH-Lipo-Battery-reviews-p1497450.html,"US$130.47 ~ US$162.47",US$10.55,https://www.banggood.com/XK-K123-6CH-Brushless-3D6G-System-AS350-Scale-RC-Helicopter-Compatible-with-FUTAB-A-S-FHSS-4PCS-3_7V-500MAH-Lipo-Battery-p-1497450.html?p=JA280216647382201711&custlinkid=1809563
1509165,"WLtoys V950 2.4G 6CH 3D6G System Brushless Flybarless RC Helicopter RTF With 4PCS 11.1V 1500MAH Lipo Battery",https://imgaz.staticbg.com/thumb/gallery/oaupload/banggood/images/8D/B0/c5652eab-77a2-4fbb-8c61-7a6748e3b9b8.jpg,https://www.banggood.com/WLtoys-V950-2_4G-6CH-3D6G-System-Brushless-Flybarless-RC-Helicopter-RTF-With-4PCS-11_1V-1500MAH-Lipo-Battery-reviews-p1509165.html,US$229.83,US$16.09,https://www.banggood.com/WLtoys-V950-2_4G-6CH-3D6G-System-Brushless-Flybarless-RC-Helicopter-RTF-With-4PCS-11_1V-1500MAH-Lipo-Battery-p-1509165.html?p=JA280216647382201711&custlinkid=1809692
1531793,"Wltoys XKS S929-A 2.4G 3.5CH ABS Mini Altitude Hover RC Helicopter RTF With Gyro",https://imgaz2.staticbg.com/thumb/gallery/oaupload/banggood/images/5E/98/0d7590fc-1ba7-41fd-9536-c9204782ca78.jpg,https://www.banggood.com/Wltoys-XKS-S929-A-2_4G-3_5CH-ABS-Mini-Altitude-Hover-RC-Helicopter-RTF-With-Gyro-reviews-p1531793.html,US$36.95,US$2.59,https://www.banggood.com/Wltoys-XKS-S929-A-2_4G-3_5CH-ABS-Mini-Altitude-Hover-RC-Helicopter-RTF-With-Gyro-p-1531793.html?p=JA280216647382201711&custlinkid=1809693
1542056,"Align T-Rex 300X DOMINATOR DFC 6CH 3D Flying RC Helicopter RTF With A10 Transmitter  ",https://imgaz3.staticbg.com/thumb/gallery/oaupload/ser1/banggood/images/FA/F5/dccfd7c4-8105-4006-ad8e-d774c7525d30.jpg,https://www.banggood.com/Align-T-Rex-300X-DOMINATOR-DFC-6CH-3D-Flying-RC-Helicopter-RTF-With-A10-Transmitter--reviews-p1542056.html,US$682.59,US$47.78,https://www.banggood.com/Align-T-Rex-300X-DOMINATOR-DFC-6CH-3D-Flying-RC-Helicopter-RTF-With-A10-Transmitter--p-1542056.html?p=JA280216647382201711&custlinkid=1809694
1547034,"Walkera V450D03 Generation II 2.4G 6CH 6-Axis Gyro 3D Flying Brushless RC Helicopter BNF",https://imgaz.staticbg.com/thumb/gallery/oaupload/ser1/banggood/images/B1/7E/86d4d9da-e0d8-40d1-9b75-87c66aa31e06.jpg,https://www.banggood.com/Walkera-V450D03-Generation-II-2_4G-6CH-6-Axis-Gyro-3D-Flying-Brushless-RC-Helicopter-BNF-reviews-p1547034.html,US$334.94,US$23.45,https://www.banggood.com/Walkera-V450D03-Generation-II-2_4G-6CH-6-Axis-Gyro-3D-Flying-Brushless-RC-Helicopter-BNF-p-1547034.html?p=JA280216647382201711&custlinkid=1809695
1588843,"Eachine E119 2.4G 4CH 6-Axis Gyro Flybarless RC Helicopter RTF With One Battery",https://imgaz1.staticbg.com/thumb/gallery/oaupload/ser1/banggood/images/FF/13/5705e1c4-5814-4a74-a729-cc6e35227201.jpg,https://www.banggood.com/Eachine-E119-2_4G-4CH-6-Axis-Gyro-Flybarless-RC-Helicopter-RTF-With-One-Battery-reviews-p1588843.html,"US$57.99 ~ US$58.99",US$4.69,https://www.banggood.com/Eachine-E119-2_4G-4CH-6-Axis-Gyro-Flybarless-RC-Helicopter-RTF-With-One-Battery-p-1588843.html?p=JA280216647382201711&custlinkid=1809696
1589346,"Eachine E119 2.4G 4CH 6-Axis Gyro Flybarless RC Helicopter RTF 3pcs 4pcs Batteries Version",https://imgaz1.staticbg.com/thumb/gallery/oaupload/ser1/banggood/images/EA/CE/98dc52bd-4a1a-4083-a008-aede86380533.jpg,https://www.banggood.com/Eachine-E119-2_4G-4CH-6-Axis-Gyro-Flybarless-RC-Helicopter-RTF-3pcs-4pcs-Batteries-Version-reviews-p1589346.html,"US$62.99 ~ US$64.99",US$5.09,https://www.banggood.com/Eachine-E119-2_4G-4CH-6-Axis-Gyro-Flybarless-RC-Helicopter-RTF-3pcs-4pcs-Batteries-Version-p-1589346.html?p=JA280216647382201711&custlinkid=1809565
1593247,"JCZK 700 DFC 6CH 3D Flying Shaft Drive RC Helicopter Kit With 530KV Brushless Motor",https://imgaz1.staticbg.com/thumb/gallery/oaupload/ser1/banggood/images/04/7B/352185f8-285c-4809-a9bd-914dfd620f9b.jpg,https://www.banggood.com/JCZK-700-DFC-6CH-3D-Flying-Shaft-Drive-RC-Helicopter-Kit-With-530KV-Brushless-Motor-reviews-p1593247.html,US$650.89,US$45.56,https://www.banggood.com/JCZK-700-DFC-6CH-3D-Flying-Shaft-Drive-RC-Helicopter-Kit-With-530KV-Brushless-Motor-p-1593247.html?p=JA280216647382201711&custlinkid=1809697
1593373,"XLpower MSH PROTOS 480 FBL 6CH 3D Flying Flybarless RC Helicopter ",https://imgaz.staticbg.com/thumb/gallery/oaupload/ser1/banggood/images/B0/A8/84fbc0ae-25d9-4653-96fc-a05d0ad9e12c.jpg,https://www.banggood.com/XLpower-MSH-PROTOS-480-FBL-6CH-3D-Flying-Flybarless-RC-Helicopter--reviews-p1593373.html,"US$326.99 ~ US$706.99",US$26.44,https://www.banggood.com/XLpower-MSH-PROTOS-480-FBL-6CH-3D-Flying-Flybarless-RC-Helicopter--p-1593373.html?p=JA280216647382201711&custlinkid=1809698
1601347,"KDS INNOVA 700 6CH 3D Flying Flybarless RC Helicopter Kit",https://imgaz3.staticbg.com/thumb/gallery/oaupload/ser1/banggood/images/54/67/7cc32bb9-0f76-49de-8e9a-f67cbc22fe4f.jpg,https://www.banggood.com/KDS-INNOVA-700-6CH-3D-Flying-Flybarless-RC-Helicopter-Kit-reviews-p1601347.html,US$393.84,US$27.57,https://www.banggood.com/KDS-INNOVA-700-6CH-3D-Flying-Flybarless-RC-Helicopter-Kit-p-1601347.html?p=JA280216647382201711&custlinkid=1809699
1648459,"JCZK 300C 470L DFC 6CH 3D Flying Three Blade Rotor TBR Scale RC Helicopter with AT9S PRO Transmitter",https://imgaz3.staticbg.com/thumb/gallery/oaupload/banggood/images/6F/7D/51b95490-4d7f-4a17-a50c-1cc9259f2c3f.png,https://www.banggood.com/JCZK-300C-470L-DFC-6CH-3D-Flying-Three-Blade-Rotor-TBR-Scale-RC-Helicopter-with-AT9S-PRO-Transmitter-reviews-p1648459.html,"US$509.99 ~ US$711.99",US$41.23,https://www.banggood.com/JCZK-300C-470L-DFC-6CH-3D-Flying-Three-Blade-Rotor-TBR-Scale-RC-Helicopter-with-AT9S-PRO-Transmitter-p-1648459.html?p=JA280216647382201711&custlinkid=1809700
1682986,"UDIRC U12S 2.4Ghz 3.5 CH RC Helicopter RTF with FPV Wifi Camera",https://imgaz2.staticbg.com/thumb/gallery/oaupload/banggood/images/5A/70/0ab8e772-235c-4344-8c8b-8af47a90abc4.jpg,https://www.banggood.com/UDIRC-U12S-2_4Ghz-3_5-CH-RC-Helicopter-RTF-with-FPV-Wifi-Camera-reviews-p1682986.html,"US$45.99 ~ US$48.49",US$3.72,https://www.banggood.com/UDIRC-U12S-2_4Ghz-3_5-CH-RC-Helicopter-RTF-with-FPV-Wifi-Camera-p-1682986.html?p=JA280216647382201711&custlinkid=1809701
1683021,"SYMA S109G 3.5CH Beast RC Helicopter RTF AH-64 Military Model Kids Toy",https://imgaz3.staticbg.com/thumb/gallery/oaupload/banggood/images/28/A1/66c06b50-7f2c-4222-a248-52bab0595809.jpg,https://www.banggood.com/SYMA-S109G-3_5CH-Beast-RC-Helicopter-RTF-AH-64-Military-Model-Kids-Toy-reviews-p1683021.html,US$39.26,US$2.75,https://www.banggood.com/SYMA-S109G-3_5CH-Beast-RC-Helicopter-RTF-AH-64-Military-Model-Kids-Toy-p-1683021.html?p=JA280216647382201711&custlinkid=1809702
1694927,"OMPHOBBY M2 EXP 6CH 3D Flybarless Dual Brushless Motor Direct Drive RC Helicopter BNF with Flight Controller",https://imgaz3.staticbg.com/thumb/gallery/oaupload/banggood/images/A4/D5/0f7d32be-0650-4328-8a71-19ee1827f1c2.jpg,https://www.banggood.com/OMPHOBBY-M2-EXP-6CH-3D-Flybarless-Dual-Brushless-Motor-Direct-Drive-RC-Helicopter-BNF-with-Flight-Controller-reviews-p1694927.html,US$320.85,US$22.46,https://www.banggood.com/OMPHOBBY-M2-EXP-6CH-3D-Flybarless-Dual-Brushless-Motor-Direct-Drive-RC-Helicopter-BNF-with-Flight-Controller-p-1694927.html?p=JA280216647382201711&custlinkid=1809572
1694928,"MSH PROTOS 380 FBL 6CH 3D Flying RC Helicopter Kit",https://imgaz.staticbg.com/thumb/gallery/oaupload/banggood/images/8A/E7/3307b60b-62f9-4305-ba3e-90cb8984db34.jpg,https://www.banggood.com/MSH-PROTOS-380-FBL-6CH-3D-Flying-RC-Helicopter-Kit-reviews-p1694928.html,"US$301.59 ~ US$439.59",US$24.38,https://www.banggood.com/MSH-PROTOS-380-FBL-6CH-3D-Flying-RC-Helicopter-Kit-p-1694928.html?p=JA280216647382201711&custlinkid=1809703
1737249,"ALIGN T-REX 650X F3C 6CH 3D Flying RC Helicopter Super Combo with Brushless Motor ESC Servo Flybarless System",https://imgaz3.staticbg.com/thumb/gallery/oaupload/banggood/images/12/61/c4906185-67c5-493c-94f4-c03fa6dbca94.jpg,https://www.banggood.com/ALIGN-T-REX-650X-F3C-6CH-3D-Flying-RC-Helicopter-Super-Combo-with-Brushless-Motor-ESC-Servo-Flybarless-System-reviews-p1737249.html,"US$1,555.77",US$108.9,https://www.banggood.com/ALIGN-T-REX-650X-F3C-6CH-3D-Flying-RC-Helicopter-Super-Combo-with-Brushless-Motor-ESC-Servo-Flybarless-System-p-1737249.html?p=JA280216647382201711&custlinkid=1809704
1738482,"Eachine E129 2.4G 4CH 6-Axis Gyro Altitude Hold Flybarless RC Helicopter RTF",https://imgaz1.staticbg.com/thumb/gallery/oaupload/banggood/images/CE/DC/3ecacaae-049c-46b0-be17-cad32dfb3016.jpg,https://www.banggood.com/Eachine-E129-2_4G-4CH-6-Axis-Gyro-Altitude-Hold-Flybarless-RC-Helicopter-RTF-reviews-p1738482.html,"US$56.99 ~ US$64.99",US$4.62,https://www.banggood.com/Eachine-E129-2_4G-4CH-6-Axis-Gyro-Altitude-Hold-Flybarless-RC-Helicopter-RTF-p-1738482.html?p=JA280216647382201711&custlinkid=1809579
1755038,"Eachine E130 2.4G 4CH 6-Axis Gyro Altitude Hold Flybarless RC Helicopter RTF",https://imgaz3.staticbg.com/thumb/gallery/oaupload/banggood/images/B2/53/bff80a1a-9583-4b76-90ed-99c35129d7b9.jpg,https://www.banggood.com/Eachine-E130-2_4G-4CH-6-Axis-Gyro-Altitude-Hold-Flybarless-RC-Helicopter-RTF-reviews-p1755038.html,"US$77.99 ~ US$89.99",US$6.28,https://www.banggood.com/Eachine-E130-2_4G-4CH-6-Axis-Gyro-Altitude-Hold-Flybarless-RC-Helicopter-RTF-p-1755038.html?p=JA280216647382201711&custlinkid=1809583
1775571,"2CH Infrared Remote Control Mini Helicopter for Children Outdoor Toys",https://imgaz1.staticbg.com/thumb/gallery/oaupload/banggood/images/31/57/f0b9df9c-e62a-40fc-bb59-701dfe86bd93.jpg,https://www.banggood.com/2CH-Infrared-Remote-Control-Mini-Helicopter-for-Children-Outdoor-Toys-reviews-p1775571.html,US$23.09,US$1.62,https://www.banggood.com/2CH-Infrared-Remote-Control-Mini-Helicopter-for-Children-Outdoor-Toys-p-1775571.html?p=JA280216647382201711&custlinkid=1809705
1782369,"ATTOP YD711S Avatar 2.4G 4CH Twin Propeller Fine Tuning Function RC Helicopter RTF",https://imgaz2.staticbg.com/thumb/gallery/oaupload/banggood/images/E6/38/f63abe10-1e0b-44cb-bfbc-decc6e63c5d4.jpg,https://www.banggood.com/ATTOP-YD711S-Avatar-2_4G-4CH-Twin-Propeller-Fine-Tuning-Function-RC-Helicopter-RTF-reviews-p1782369.html,US$97.01,US$6.79,https://www.banggood.com/ATTOP-YD711S-Avatar-2_4G-4CH-Twin-Propeller-Fine-Tuning-Function-RC-Helicopter-RTF-p-1782369.html?p=JA280216647382201711&custlinkid=1809706
1789668,"OMPHOBBY M1 290mm 6CH 3D Flybarless Dual Brushless Direct-Drive Motor RC Helicopter BNF with Adjustable Flight Controller Compatible with FUTABA S-FHSS",https://imgaz3.staticbg.com/thumb/gallery/oaupload/banggood/images/E0/5D/a0adacd8-001b-4bf6-bf40-8360e8292fce.jpg,https://www.banggood.com/OMPHOBBY-M1-290mm-6CH-3D-Flybarless-Dual-Brushless-Direct-Drive-Motor-RC-Helicopter-BNF-with-Adjustable-Flight-Controller-Compatible-with-FUTABA-S-FHSS-reviews-p1789668.html,"US$249.00 ~ US$267.00",US$20.09,https://www.banggood.com/OMPHOBBY-M1-290mm-6CH-3D-Flybarless-Dual-Brushless-Direct-Drive-Motor-RC-Helicopter-BNF-with-Adjustable-Flight-Controller-Compatible-with-FUTABA-S-FHSS-p-1789668.html?p=JA280216647382201711&custlinkid=1809637
1793363,"FLY WING FW450 V2 6CH FBL 3D Flying GPS Altitude Hold One-key Return RC Helicopter RTF With H1 Flight Control System",https://imgaz.staticbg.com/thumb/gallery/oaupload/banggood/images/D5/98/5e2c8977-0fc0-4d67-bd3f-986cb9bc41ff.jpg,https://www.banggood.com/FLY-WING-FW450-V2-6CH-FBL-3D-Flying-GPS-Altitude-Hold-One-key-Return-RC-Helicopter-RTF-With-H1-Flight-Control-System-reviews-p1793363.html,US$612.14,US$42.85,https://www.banggood.com/FLY-WING-FW450-V2-6CH-FBL-3D-Flying-GPS-Altitude-Hold-One-key-Return-RC-Helicopter-RTF-With-H1-Flight-Control-System-p-1793363.html?p=JA280216647382201711&custlinkid=1809707
1793483,"4D M3 2.4G 6CH 3D Aerobatics Altitude Hold HD Wide-angle Lens APP Control RC Helicopter RTF",https://imgaz1.staticbg.com/thumb/gallery/oaupload/banggood/images/7F/22/17d43b74-2be2-4f26-81e6-bdd6a0ad8621.jpg,https://www.banggood.com/4D-M3-2_4G-6CH-3D-Aerobatics-Altitude-Hold-HD-Wide-angle-Lens-APP-Control-RC-Helicopter-RTF-reviews-p1793483.html,"US$40.99 ~ US$47.99",US$3.31,https://www.banggood.com/4D-M3-2_4G-6CH-3D-Aerobatics-Altitude-Hold-HD-Wide-angle-Lens-APP-Control-RC-Helicopter-RTF-p-1793483.html?p=JA280216647382201711&custlinkid=1809708
1799134,"SYMA S100 3CH 2.4Ghz Remote Control Intelligent Fixed Height Mini Helicopter Children's Toys",https://imgaz1.staticbg.com/thumb/gallery/oaupload/banggood/images/F9/E3/16da2d70-0c81-447a-a757-8a3af4ab1f10.jpg,https://www.banggood.com/SYMA-S100-3CH-2_4Ghz-Remote-Control-Intelligent-Fixed-Height-Mini-Helicopter-Childrens-Toys-reviews-p1799134.html,US$37.94,US$2.66,https://www.banggood.com/SYMA-S100-3CH-2_4Ghz-Remote-Control-Intelligent-Fixed-Height-Mini-Helicopter-Childrens-Toys-p-1799134.html?p=JA280216647382201711&custlinkid=1809709
1807513,"777-571 2.4G 3CH Altitude Hold RC Helicopter RTF Alloy Electric RC Model Toys",https://imgaz.staticbg.com/thumb/gallery/oaupload/banggood/images/2E/FF/15ce49a2-8f33-4440-8009-8084c8fb3ef9.jpg,https://www.banggood.com/777-571-2_4G-3CH-Altitude-Hold-RC-Helicopter-RTF-Alloy-Electric-RC-Model-Toys-reviews-p1807513.html,US$38.10,US$2.67,https://www.banggood.com/777-571-2_4G-3CH-Altitude-Hold-RC-Helicopter-RTF-Alloy-Electric-RC-Model-Toys-p-1807513.html?p=JA280216647382201711&custlinkid=1809710
1807542,"777-573 2.4G 4CH Altitude Hold RC Helicopter RTF Alloy Electric RC Model Toys",https://imgaz3.staticbg.com/thumb/gallery/oaupload/banggood/images/7C/1E/c5f239a6-c3db-4237-b7bc-fc84bc33d9c3.jpg,https://www.banggood.com/777-573-2_4G-4CH-Altitude-Hold-RC-Helicopter-RTF-Alloy-Electric-RC-Model-Toys-reviews-p1807542.html,US$62.99,US$4.41,https://www.banggood.com/777-573-2_4G-4CH-Altitude-Hold-RC-Helicopter-RTF-Alloy-Electric-RC-Model-Toys-p-1807542.html?p=JA280216647382201711&custlinkid=1809711
1810191,"Eachine E180 6CH 3D6G System Dual Brushless Direct Drive Motor Flybarless RC Helicopter RTF Compatible with FUTABA S-FHSS",https://imgaz.staticbg.com/thumb/gallery/oaupload/banggood/images/1B/11/8c129b98-69d8-4d61-9960-9a08007db507.jpg,https://www.banggood.com/Eachine-E180-6CH-3D6G-System-Dual-Brushless-Direct-Drive-Motor-Flybarless-RC-Helicopter-RTF-Compatible-with-FUTABA-S-FHSS-reviews-p1810191.html,"US$299.99 ~ US$329.99",US$27.09,https://www.banggood.com/Eachine-E180-6CH-3D6G-System-Dual-Brushless-Direct-Drive-Motor-Flybarless-RC-Helicopter-RTF-Compatible-with-FUTABA-S-FHSS-p-1810191.html?p=JA280216647382201711&custlinkid=1809640
1810193,"Eachine E180 6CH 3D6G System Dual Brushless Direct Drive Motor Flybarless RC Helicopter BNF Compatible with FUTABA S-FHSS",https://imgaz2.staticbg.com/thumb/gallery/oaupload/banggood/images/FE/46/fd52a48e-d368-4c69-92a7-ebe34b3a764e.jpg,https://www.banggood.com/Eachine-E180-6CH-3D6G-System-Dual-Brushless-Direct-Drive-Motor-Flybarless-RC-Helicopter-BNF-Compatible-with-FUTABA-S-FHSS-reviews-p1810193.html,"US$269.99 ~ US$299.99",US$22.72,https://www.banggood.com/Eachine-E180-6CH-3D6G-System-Dual-Brushless-Direct-Drive-Motor-Flybarless-RC-Helicopter-BNF-Compatible-with-FUTABA-S-FHSS-p-1810193.html?p=JA280216647382201711&custlinkid=1809712
1840535,"XK K127 4CH 6-Axis Gyro Altitude Hold Flybarless RC Helicopter RTF",https://imgaz3.staticbg.com/thumb/gallery/oaupload/banggood/images/3F/EA/08faf0e3-8920-4074-a03c-ff6ba29ba2b3.jpg,https://www.banggood.com/XK-K127-4CH-6-Axis-Gyro-Altitude-Hold-Flybarless-RC-Helicopter-RTF-reviews-p1840535.html,"US$55.99 ~ US$62.99",US$4.53,https://www.banggood.com/XK-K127-4CH-6-Axis-Gyro-Altitude-Hold-Flybarless-RC-Helicopter-RTF-p-1840535.html?p=JA280216647382201711&custlinkid=1809643
1880656,"4DRC V10 2.4G 3.5CH 4K Cameras APP Controlled Altitude Hold Super Large Alloy RC Helicopter RTF",https://imgaz3.staticbg.com/thumb/gallery/oaupload/banggood/images/B5/A5/1e9ab3d8-312f-4089-bf26-e21c7a3fa0b9.jpg,https://www.banggood.com/4DRC-V10-2_4G-3_5CH-4K-Cameras-APP-Controlled-Altitude-Hold-Super-Large-Alloy-RC-Helicopter-RTF-reviews-p1880656.html,"US$39.99 ~ US$48.99",US$3.22,https://www.banggood.com/4DRC-V10-2_4G-3_5CH-4K-Cameras-APP-Controlled-Altitude-Hold-Super-Large-Alloy-RC-Helicopter-RTF-p-1880656.html?p=JA280216647382201711&custlinkid=1809713
1891581,"Esky 300 V2 Mini 6CH 2.4Ghz FXZ 6 DOF Axis Flybarless RC Helicopter RTF",https://imgaz1.staticbg.com/thumb/gallery/oaupload/banggood/images/50/82/98e8d036-22fb-45bc-bad5-a8d116939588.jpg,https://www.banggood.com/Esky-300-V2-Mini-6CH-2_4Ghz-FXZ-6-DOF-Axis-Flybarless-RC-Helicopter-RTF-reviews-p1891581.html,US$262.19,US$18.35,https://www.banggood.com/Esky-300-V2-Mini-6CH-2_4Ghz-FXZ-6-DOF-Axis-Flybarless-RC-Helicopter-RTF-p-1891581.html?p=JA280216647382201711&custlinkid=1809714
1895243,"SYMA S107E 2.4G 3.5CH Alloy Helicopter Anti-Collision Anti-Fall Electric Helicopter Toys for Kids",https://imgaz1.staticbg.com/thumb/gallery/oaupload/banggood/images/49/78/62474c21-a1ac-4c3b-bc00-c0d209123bb5.jpg,https://www.banggood.com/SYMA-S107E-2_4G-3_5CH-Alloy-Helicopter-Anti-Collision-Anti-Fall-Electric-Helicopter-Toys-for-Kids-reviews-p1895243.html,US$49.99,US$3.5,https://www.banggood.com/SYMA-S107E-2_4G-3_5CH-Alloy-Helicopter-Anti-Collision-Anti-Fall-Electric-Helicopter-Toys-for-Kids-p-1895243.html?p=JA280216647382201711&custlinkid=1809715
1898623,"SYMA X60/X60W 4CH 1080P Altitude Hold APP Control Aerobatics RC Helicopter RTF",https://imgaz1.staticbg.com/thumb/gallery/oaupload/banggood/images/52/94/201b573d-0901-41e0-ab10-abbbe97a8795.jpg,https://www.banggood.com/SYMA-X60-or-X60W-4CH-1080P-Altitude-Hold-APP-Control-Aerobatics-RC-Helicopter-RTF-reviews-p1898623.html,"US$62.99 ~ US$74.99",US$4.41,https://www.banggood.com/SYMA-X60-or-X60W-4CH-1080P-Altitude-Hold-APP-Control-Aerobatics-RC-Helicopter-RTF-p-1898623.html?p=JA280216647382201711&custlinkid=1809716
1900365,"Eachine E150 2.4G 6CH 6-Axis Gyro 3D6G Dual Brushless Direct Drive Motor Flybarless RC Helicopter BNF Compatible with FUTABA S-FHSS",https://imgaz.staticbg.com/thumb/gallery/oaupload/banggood/images/53/BF/b63b58cc-bea1-4f72-8c27-fe12c2ecfbd9.jpg,https://www.banggood.com/Eachine-E150-2_4G-6CH-6-Axis-Gyro-3D6G-Dual-Brushless-Direct-Drive-Motor-Flybarless-RC-Helicopter-BNF-Compatible-with-FUTABA-S-FHSS-reviews-p1900365.html,"US$269.99 ~ US$288.99",US$21.77,https://www.banggood.com/Eachine-E150-2_4G-6CH-6-Axis-Gyro-3D6G-Dual-Brushless-Direct-Drive-Motor-Flybarless-RC-Helicopter-BNF-Compatible-with-FUTABA-S-FHSS-p-1900365.html?p=JA280216647382201711&custlinkid=1809657
1900368,"Eachine E150 2.4G 6CH 6-Axis Gyro 3D6G Dual Brushless Direct Drive Motor Flybarless RC Helicopter RTF Compatible with FUTABA S-FHSS",https://imgaz3.staticbg.com/thumb/gallery/oaupload/banggood/images/66/AA/aa7d8b16-f5a9-4b68-ac1b-8eea39701243.png,https://www.banggood.com/Eachine-E150-2_4G-6CH-6-Axis-Gyro-3D6G-Dual-Brushless-Direct-Drive-Motor-Flybarless-RC-Helicopter-RTF-Compatible-with-FUTABA-S-FHSS-reviews-p1900368.html,"US$305.99 ~ US$324.99",US$24.64,https://www.banggood.com/Eachine-E150-2_4G-6CH-6-Axis-Gyro-3D6G-Dual-Brushless-Direct-Drive-Motor-Flybarless-RC-Helicopter-RTF-Compatible-with-FUTABA-S-FHSS-p-1900368.html?p=JA280216647382201711&custlinkid=1809658
1908963,"3.5CH Anti-collision Anti-fall Alloy RC Helicopter RTF for Children",https://imgaz2.staticbg.com/thumb/gallery/oaupload/banggood/images/11/FE/2fa69856-9141-45a5-99ef-9419d30d5286.jpg,https://www.banggood.com/3_5CH-Anti-collision-Anti-fall-Alloy-RC-Helicopter-RTF-for-Children-reviews-p1908963.html,US$25.99,US$1.82,https://www.banggood.com/3_5CH-Anti-collision-Anti-fall-Alloy-RC-Helicopter-RTF-for-Children-p-1908963.html?p=JA280216647382201711&custlinkid=1809717
1913485,"XK K110S 6CH Brushless 3D6G System RC Helicopter RTF Mode 2 Compatible with FUTABA S-FHSS",https://imgaz3.staticbg.com/thumb/gallery/oaupload/banggood/images/E7/EA/a759d078-e6c7-42ac-a15b-3b5f3b66ddf1.jpg,https://www.banggood.com/XK-K110S-6CH-Brushless-3D6G-System-RC-Helicopter-RTF-Mode-2-Compatible-with-FUTABA-S-FHSS-reviews-p1913485.html,"US$125.99 ~ US$133.99",US$8.82,https://www.banggood.com/XK-K110S-6CH-Brushless-3D6G-System-RC-Helicopter-RTF-Mode-2-Compatible-with-FUTABA-S-FHSS-p-1913485.html?p=JA280216647382201711&custlinkid=1809612
1914532,"XK K110S 6CH Brushless 3D6G System RC Helicopter BNF Mode 2 Compatible With FUTABA S-FHSS",https://imgaz3.staticbg.com/thumb/gallery/oaupload/banggood/images/AC/BD/fd343c53-3cf1-43c9-9fc4-7beb34f64d79.jpg,https://www.banggood.com/XK-K110S-6CH-Brushless-3D6G-System-RC-Helicopter-BNF-Mode-2-Compatible-With-FUTABA-S-FHSS-reviews-p1914532.html,"US$106.99 ~ US$114.99",US$7.49,https://www.banggood.com/XK-K110S-6CH-Brushless-3D6G-System-RC-Helicopter-BNF-Mode-2-Compatible-With-FUTABA-S-FHSS-p-1914532.html?p=JA280216647382201711&custlinkid=1809664
1921415,"SYMA S107G 3CH Anti-collision Anti-fall Infrared Mini Remote Control Helicopter With Gyro for RC Helicopter Toys RTF",https://imgaz.staticbg.com/thumb/gallery/oaupload/banggood/images/C3/AB/9797eccf-f596-47fb-8153-d9a3eb2c3f44.jpg,https://www.banggood.com/SYMA-S107G-3CH-Anti-collision-Anti-fall-Infrared-Mini-Remote-Control-Helicopter-With-Gyro-for-RC-Helicopter-Toys-RTF-reviews-p1921415.html,US$41.39,US$2.9,https://www.banggood.com/SYMA-S107G-3CH-Anti-collision-Anti-fall-Infrared-Mini-Remote-Control-Helicopter-With-Gyro-for-RC-Helicopter-Toys-RTF-p-1921415.html?p=JA280216647382201711&custlinkid=1809718
1923392,"XK V912-A 2.4G 4CH Altitude Hold Dual Motor RC Helicopter RTF Mode 2",https://imgaz2.staticbg.com/thumb/gallery/oaupload/banggood/images/0D/B4/86c1019e-e9d4-47fe-b9da-63f9cbdecf43.jpg,https://www.banggood.com/XK-V912-A-2_4G-4CH-Altitude-Hold-Dual-Motor-RC-Helicopter-RTF-Mode-2-reviews-p1923392.html,"US$115.99 ~ US$138.99",US$9.34,https://www.banggood.com/XK-V912-A-2_4G-4CH-Altitude-Hold-Dual-Motor-RC-Helicopter-RTF-Mode-2-p-1923392.html?p=JA280216647382201711&custlinkid=1809719
1923454,"FLY WING FW200 6CH 3D Acrobatics GPS Altitude Hold One-key Return APP Adjust RC Helicopter RTF With H1 V2 Flight Control System",https://imgaz2.staticbg.com/thumb/gallery/oaupload/banggood/images/96/5C/a6c03385-c75e-4771-970f-f04f6e9915fc.jpg,https://www.banggood.com/FLY-WING-FW200-6CH-3D-Acrobatics-GPS-Altitude-Hold-One-key-Return-APP-Adjust-RC-Helicopter-RTF-With-H1-V2-Flight-Control-System-reviews-p1923454.html,US$517.50,US$36.23,https://www.banggood.com/FLY-WING-FW200-6CH-3D-Acrobatics-GPS-Altitude-Hold-One-key-Return-APP-Adjust-RC-Helicopter-RTF-With-H1-V2-Flight-Control-System-p-1923454.html?p=JA280216647382201711&custlinkid=1809720
1934042,"FX801 2.4GHz 2CH 530mm Wingspan 6-Axis Gyroscope EPP Glider RC Airplane RTF for Beginners",https://imgaz.staticbg.com/thumb/gallery/oaupload/banggood/images/1D/9B/28f75af4-e785-4361-8b7c-d15c8aa1eace.jpg,https://www.banggood.com/FX801-2_4GHz-2CH-530mm-Wingspan-6-Axis-Gyroscope-EPP-Glider-RC-Airplane-RTF-for-Beginners-reviews-p1934042.html,US$31.04,US$2.17,https://www.banggood.com/FX801-2_4GHz-2CH-530mm-Wingspan-6-Axis-Gyroscope-EPP-Glider-RC-Airplane-RTF-for-Beginners-p-1934042.html?p=JA280216647382201711&custlinkid=1809721
1937302,"Align T-REX T15 6CH 3D Flying RC Helicopter Super Combo BNF Dynamic Direct-Drive Dual-Brushless Motor With T15 Carry Box",https://imgaz3.staticbg.com/thumb/gallery/oaupload/banggood/images/2E/25/89ffca7c-0508-4185-812e-278e4e6e3555.jpg,https://www.banggood.com/Align-T-REX-T15-6CH-3D-Flying-RC-Helicopter-Super-Combo-BNF-Dynamic-Direct-Drive-Dual-Brushless-Motor-With-T15-Carry-Box-reviews-p1937302.html,US$336.94,US$23.59,https://www.banggood.com/Align-T-REX-T15-6CH-3D-Flying-RC-Helicopter-Super-Combo-BNF-Dynamic-Direct-Drive-Dual-Brushless-Motor-With-T15-Carry-Box-p-1937302.html?p=JA280216647382201711&custlinkid=1809722
1940239,"Wltoys XK V915-A 2.4G 4CH Altitude Hold Flybarless RC Helicopter RTF",https://imgaz.staticbg.com/thumb/gallery/oaupload/banggood/images/77/A0/e7717801-749f-41c6-88aa-c96b77fc6660.jpg,https://www.banggood.com/Wltoys-XK-V915-A-2_4G-4CH-Altitude-Hold-Flybarless-RC-Helicopter-RTF-reviews-p1940239.html,"US$85.99 ~ US$101.99",US$6.92,https://www.banggood.com/Wltoys-XK-V915-A-2_4G-4CH-Altitude-Hold-Flybarless-RC-Helicopter-RTF-p-1940239.html?p=JA280216647382201711&custlinkid=1809677
976340,"XK K100 Falcom 6CH Flybarless 3D6G System RC Helicopter BNF",https://imgaz2.staticbg.com/thumb/gallery/oaupload/banggood/images/50/E7/a3bc60c4-276e-40e7-9ffd-f63a3d4db361.jpg,https://www.banggood.com/XK-K100-Falcom-6CH-Flybarless-3D6G-System-RC-Helicopter-BNF-reviews-p976340.html,US$79.68,US$5.58,https://www.banggood.com/XK-K100-Falcom-6CH-Flybarless-3D6G-System-RC-Helicopter-BNF-p-976340.html?p=JA280216647382201711&custlinkid=1809723
1289181,"ALIGN T-REX 450LP RC Helicopter RH45E32XW Dominator Super Combo",https://imgaz1.staticbg.com/thumb/gallery/oaupload/banggood/images/B5/6B/c10c5744-f877-4ecd-a2b7-82b5debf0a6b.jpg,https://www.banggood.com/ALIGN-T-REX-450LP-RC-Helicopter-RH45E32XW-Dominator-Super-Combo-reviews-p1289181.html,US$743.81,US$52.07,https://www.banggood.com/ALIGN-T-REX-450LP-RC-Helicopter-RH45E32XW-Dominator-Super-Combo-p-1289181.html?p=JA280216647382201711&custlinkid=1809724
1510897,"KDS AGILE 5.5 6CH 3D Flying Flybarless RC Helicopter Kit",https://imgaz.staticbg.com/thumb/gallery/oaupload/banggood/images/E8/34/12604406-79a8-4680-b5d6-bf304a2dfdf7.jpg,https://www.banggood.com/KDS-AGILE-5_5-6CH-3D-Flying-Flybarless-RC-Helicopter-Kit-reviews-p1510897.html,US$501.26,US$35.09,https://www.banggood.com/KDS-AGILE-5_5-6CH-3D-Flying-Flybarless-RC-Helicopter-Kit-p-1510897.html?p=JA280216647382201711&custlinkid=1809725
1548913,"Steam 550 Pro MK55PRO 6CH 3D Flying RC Helicopter Combo Version With Main/Tail Blade Metal Tail Set",https://imgaz3.staticbg.com/thumb/gallery/oaupload/banggood/images/4D/8D/5ba6b630-fcf4-4005-911e-0a810cd8bb0d.jpg,https://www.banggood.com/Steam-550-Pro-MK55PRO-6CH-3D-Flying-RC-Helicopter-Combo-Version-With-Main-or-Tail-Blade-Metal-Tail-Set-reviews-p1548913.html,US$522.43,US$36.57,https://www.banggood.com/Steam-550-Pro-MK55PRO-6CH-3D-Flying-RC-Helicopter-Combo-Version-With-Main-or-Tail-Blade-Metal-Tail-Set-p-1548913.html?p=JA280216647382201711&custlinkid=1809726
1548915,"Steam 600 Pro MK6PRO 6CH 3D Flying RC Helicopter Combo Version With Main/Tail Blade Metal Tail Set",https://imgaz2.staticbg.com/thumb/gallery/oaupload/banggood/images/17/0E/c7761144-5717-40b0-89e8-8366f49a9208.jpg,https://www.banggood.com/Steam-600-Pro-MK6PRO-6CH-3D-Flying-RC-Helicopter-Combo-Version-With-Main-or-Tail-Blade-Metal-Tail-Set-reviews-p1548915.html,US$543.99,US$38.08,https://www.banggood.com/Steam-600-Pro-MK6PRO-6CH-3D-Flying-RC-Helicopter-Combo-Version-With-Main-or-Tail-Blade-Metal-Tail-Set-p-1548915.html?p=JA280216647382201711&custlinkid=1809727
1703827,"UDIRC D28 4.5CH  RC Helicopter RTF Anti-collision for Children Outdoor Toys",https://imgaz.staticbg.com/thumb/gallery/oaupload/banggood/images/AF/C5/a9724223-f070-4136-a844-92fc445ced82.png,https://www.banggood.com/UDIRC-D28-4_5CH-RC-Helicopter-RTF-Anti-collision-for-Children-Outdoor-Toys-reviews-p1703827.html,US$37.95,US$2.66,https://www.banggood.com/UDIRC-D28-4_5CH-RC-Helicopter-RTF-Anti-collision-for-Children-Outdoor-Toys-p-1703827.html?p=JA280216647382201711&custlinkid=1809728
1708702,"XLPower Specter 700 XL700 FBL 6CH 3D Flying RC Helicopter Kit With Brushless Motor/Main Blade/ Tail Blade",https://imgaz2.staticbg.com/thumb/gallery/oaupload/banggood/images/44/7E/30cace0c-0f5e-42d3-b232-c32680006d52.jpg,https://www.banggood.com/XLPower-Specter-700-XL700-FBL-6CH-3D-Flying-RC-Helicopter-Kit-With-Brushless-Motor-or-Main-Blade-or-Tail-Blade-reviews-p1708702.html,"US$1,025.63",US$71.79,https://www.banggood.com/XLPower-Specter-700-XL700-FBL-6CH-3D-Flying-RC-Helicopter-Kit-With-Brushless-Motor-or-Main-Blade-or-Tail-Blade-p-1708702.html?p=JA280216647382201711&custlinkid=1809729
1757889,"JJRC SY003A/B 3.5CH One-key Takeoff Infrared Remote Control Helicopter RTF",https://imgaz2.staticbg.com/thumb/gallery/oaupload/banggood/images/0B/F4/ff826712-2cd6-4ac6-a2f3-dc4d43d6942d.jpg,https://www.banggood.com/JJRC-SY003A-or-B-3_5CH-One-key-Takeoff-Infrared-Remote-Control-Helicopter-RTF-reviews-p1757889.html,US$23.09,US$1.62,https://www.banggood.com/JJRC-SY003A-or-B-3_5CH-One-key-Takeoff-Infrared-Remote-Control-Helicopter-RTF-p-1757889.html?p=JA280216647382201711&custlinkid=1809730
1758836,"ALIGN T-REX 150X 2.4G 6CH Dual Brushless Motor 3D Flying RC Helicopter PNP with 150 Carry Box",https://imgaz3.staticbg.com/thumb/gallery/oaupload/banggood/images/5C/81/5d4c08d0-cf1a-4886-801c-eb682fa05e7a.png,https://www.banggood.com/ALIGN-T-REX-150X-2_4G-6CH-Dual-Brushless-Motor-3D-Flying-RC-Helicopter-PNP-with-150-Carry-Box-reviews-p1758836.html,US$326.85,US$22.88,https://www.banggood.com/ALIGN-T-REX-150X-2_4G-6CH-Dual-Brushless-Motor-3D-Flying-RC-Helicopter-PNP-with-150-Carry-Box-p-1758836.html?p=JA280216647382201711&custlinkid=1809731
1782362,"4.5CH Electric Light USB Charging Remote Control RC Helicopter RTF for Children Outdoor Toys",https://imgaz3.staticbg.com/thumb/gallery/oaupload/banggood/images/44/E5/eb3f42f3-3eea-43ba-808b-45e850cbb3d3.jpg,https://www.banggood.com/4_5CH-Electric-Light-USB-Charging-Remote-Control-RC-Helicopter-RTF-for-Children-Outdoor-Toys-reviews-p1782362.html,US$46.52,US$3.26,https://www.banggood.com/4_5CH-Electric-Light-USB-Charging-Remote-Control-RC-Helicopter-RTF-for-Children-Outdoor-Toys-p-1782362.html?p=JA280216647382201711&custlinkid=1809732
1807521,"777-575 2.4G 2CH Altitude Hold RC Helicopter RTF Alloy Electric RC Model Toys",https://imgaz2.staticbg.com/thumb/gallery/oaupload/banggood/images/5A/0E/4092ec45-0962-47bd-95f8-d7330b3752b2.jpg,https://www.banggood.com/777-575-2_4G-2CH-Altitude-Hold-RC-Helicopter-RTF-Alloy-Electric-RC-Model-Toys-reviews-p1807521.html,US$21.93,US$1.54,https://www.banggood.com/777-575-2_4G-2CH-Altitude-Hold-RC-Helicopter-RTF-Alloy-Electric-RC-Model-Toys-p-1807521.html?p=JA280216647382201711&custlinkid=1809733
1811558,"FLY WING FW450 V2 6CH FBL 3D Flying GPS Altitude Hold One-key Return RC Helicopter RTF With H1 Flight Control System",https://imgaz3.staticbg.com/thumb/gallery/oaupload/banggood/images/30/A7/01a33c95-ecc2-4fe1-9a91-1ea070274fbe.jpg,https://www.banggood.com/FLY-WING-FW450-V2-6CH-FBL-3D-Flying-GPS-Altitude-Hold-One-key-Return-RC-Helicopter-RTF-With-H1-Flight-Control-System-reviews-p1811558.html,US$609.99,US$42.7,https://www.banggood.com/FLY-WING-FW450-V2-6CH-FBL-3D-Flying-GPS-Altitude-Hold-One-key-Return-RC-Helicopter-RTF-With-H1-Flight-Control-System-p-1811558.html?p=JA280216647382201711&custlinkid=1809734
1827475,"4DRC M5 2.4G 4.5CH Altitude Hold Side Fly RC Helicopter RTF",https://imgaz3.staticbg.com/thumb/gallery/oaupload/banggood/images/BB/F6/9bf38ee9-b6bc-4012-8e76-bd969df4fba7.png,https://www.banggood.com/4DRC-M5-2_4G-4_5CH-Altitude-Hold-Side-Fly-RC-Helicopter-RTF-reviews-p1827475.html,US$34.64,US$2.42,https://www.banggood.com/4DRC-M5-2_4G-4_5CH-Altitude-Hold-Side-Fly-RC-Helicopter-RTF-p-1827475.html?p=JA280216647382201711&custlinkid=1809735
1840711,"MSH PROTOS 380 EVO V2 6CH 3D Flying Flybarless RC Helicopter Kit",https://imgaz1.staticbg.com/thumb/gallery/oaupload/banggood/images/62/B7/6a1d28e4-0b4a-4a48-bb11-edccc5466f4c.jpg,https://www.banggood.com/MSH-PROTOS-380-EVO-V2-6CH-3D-Flying-Flybarless-RC-Helicopter-Kit-reviews-p1840711.html,US$427.34,US$29.91,https://www.banggood.com/MSH-PROTOS-380-EVO-V2-6CH-3D-Flying-Flybarless-RC-Helicopter-Kit-p-1840711.html?p=JA280216647382201711&custlinkid=1809736
1841897,"4DRC M4 2.4G 6CH 4K Dual Cameras Altitude Hold Super Large Alloy Remote Controlled Aircraft RC Helicopter RTF",https://imgaz1.staticbg.com/thumb/gallery/oaupload/banggood/images/C1/95/bb19fcd3-e8f4-430e-a8a8-664173c2a4c0.jpg,https://www.banggood.com/4DRC-M4-2_4G-6CH-4K-Dual-Cameras-Altitude-Hold-Super-Large-Alloy-Remote-Controlled-Aircraft-RC-Helicopter-RTF-reviews-p1841897.html,"US$77.99 ~ US$80.99",US$5.88,https://www.banggood.com/4DRC-M4-2_4G-6CH-4K-Dual-Cameras-Altitude-Hold-Super-Large-Alloy-Remote-Controlled-Aircraft-RC-Helicopter-RTF-p-1841897.html?p=JA280216647382201711&custlinkid=1809737
1846677,"3.5CH 95CM USB Chargering Fall Resistant Hover Function Led Light Automatic Power-off Protection Alloy Remote Control Helicopter RTF",https://imgaz2.staticbg.com/thumb/gallery/oaupload/banggood/images/2C/39/4b0d180c-f505-4ed3-8120-cc1bc5228a0d.jpg,https://www.banggood.com/3_5CH-95CM-USB-Chargering-Fall-Resistant-Hover-Function-Led-Light-Automatic-Power-off-Protection-Alloy-Remote-Control-Helicopter-RTF-reviews-p1846677.html,US$75.89,US$5.31,https://www.banggood.com/3_5CH-95CM-USB-Chargering-Fall-Resistant-Hover-Function-Led-Light-Automatic-Power-off-Protection-Alloy-Remote-Control-Helicopter-RTF-p-1846677.html?p=JA280216647382201711&custlinkid=1809738
1846822,"3.5CH Alloy Fall Resistant USB Charging Lock-tail Gyroscope Remote Control Helicopter",https://imgaz1.staticbg.com/thumb/gallery/oaupload/banggood/images/44/86/cc5f0455-fbda-433f-8ec6-5ced7e89887f.jpg,https://www.banggood.com/3_5CH-Alloy-Fall-Resistant-USB-Charging-Lock-tail-Gyroscope-Remote-Control-Helicopter-reviews-p1846822.html,"US$37.99 ~ US$43.99",US$3.07,https://www.banggood.com/3_5CH-Alloy-Fall-Resistant-USB-Charging-Lock-tail-Gyroscope-Remote-Control-Helicopter-p-1846822.html?p=JA280216647382201711&custlinkid=1809739
1849249,"Syma S11 3CH Single-blade Electronic Gyroscope LED Light  Omni-Directional Controls Alloy RC Helicopter RTF for Kids",https://imgaz3.staticbg.com/thumb/gallery/oaupload/banggood/images/AE/AB/8aa28a68-dc27-4020-bb7a-457baab5fd48.jpg,https://www.banggood.com/Syma-S11-3CH-Single-blade-Electronic-Gyroscope-LED-Light-Omni-Directional-Controls-Alloy-RC-Helicopter-RTF-for-Kids-reviews-p1849249.html,US$40.41,US$2.83,https://www.banggood.com/Syma-S11-3CH-Single-blade-Electronic-Gyroscope-LED-Light-Omni-Directional-Controls-Alloy-RC-Helicopter-RTF-for-Kids-p-1849249.html?p=JA280216647382201711&custlinkid=1809740
1851381,"S727 2.4G 4CH Coaxial Double-blade Altitude Hold Automatic Power-off Protection Fall Resistant USB Charging Electric Light Alloy Helicopter RTF",https://imgaz2.staticbg.com/thumb/gallery/oaupload/banggood/images/B4/64/63d7f8ce-0dbe-439b-8446-ae3397faf6d1.jpg,https://www.banggood.com/S727-2_4G-4CH-Coaxial-Double-blade-Altitude-Hold-Automatic-Power-off-Protection-Fall-Resistant-USB-Charging-Electric-Light-Alloy-Helicopter-RTF-reviews-p1851381.html,US$34.49,US$2.41,https://www.banggood.com/S727-2_4G-4CH-Coaxial-Double-blade-Altitude-Hold-Automatic-Power-off-Protection-Fall-Resistant-USB-Charging-Electric-Light-Alloy-Helicopter-RTF-p-1851381.html?p=JA280216647382201711&custlinkid=1809741
1851392,"S737 2.4G 4CH Coaxial Double-blade Altitude Hold Automatic Power-off Protection Fall Resistant USB Charging Electric Light Alloy Helicopter RTF",https://imgaz2.staticbg.com/thumb/gallery/oaupload/banggood/images/CF/81/397c57ad-524c-4104-8792-62d3e52dd215.jpg,https://www.banggood.com/S737-2_4G-4CH-Coaxial-Double-blade-Altitude-Hold-Automatic-Power-off-Protection-Fall-Resistant-USB-Charging-Electric-Light-Alloy-Helicopter-RTF-reviews-p1851392.html,US$39.26,US$2.75,https://www.banggood.com/S737-2_4G-4CH-Coaxial-Double-blade-Altitude-Hold-Automatic-Power-off-Protection-Fall-Resistant-USB-Charging-Electric-Light-Alloy-Helicopter-RTF-p-1851392.html?p=JA280216647382201711&custlinkid=1809742
1852294,"S770 2.4G 4CH Coaxial Double-blade Altitude Hold Fall Resistant Automatic Power-off Protection USB Charging Electric Light Alloy Helicopter RTF",https://imgaz3.staticbg.com/thumb/gallery/oaupload/banggood/images/04/B1/c4daa7fb-2bc0-4ff4-afa4-56b82daf2a8f.jpg,https://www.banggood.com/S770-2_4G-4CH-Coaxial-Double-blade-Altitude-Hold-Fall-Resistant-Automatic-Power-off-Protection-USB-Charging-Electric-Light-Alloy-Helicopter-RTF-reviews-p1852294.html,US$41.57,US$2.91,https://www.banggood.com/S770-2_4G-4CH-Coaxial-Double-blade-Altitude-Hold-Fall-Resistant-Automatic-Power-off-Protection-USB-Charging-Electric-Light-Alloy-Helicopter-RTF-p-1852294.html?p=JA280216647382201711&custlinkid=1809743
1852405,"D728 3.5CH Fall Resistant Led Light USB Chargering Alloy Remote Control RC Helicopter RTF Children Gift Outdoor Toys",https://imgaz1.staticbg.com/thumb/gallery/oaupload/banggood/images/80/CB/3abc4107-965c-48ca-a784-656092da90b0.jpg,https://www.banggood.com/D728-3_5CH-Fall-Resistant-Led-Light-USB-Chargering-Alloy-Remote-Control-RC-Helicopter-RTF-Children-Gift-Outdoor-Toys-reviews-p1852405.html,US$35.79,US$2.51,https://www.banggood.com/D728-3_5CH-Fall-Resistant-Led-Light-USB-Chargering-Alloy-Remote-Control-RC-Helicopter-RTF-Children-Gift-Outdoor-Toys-p-1852405.html?p=JA280216647382201711&custlinkid=1809744
1853236,"Mini 4CH RC Helicopter With LED Light Gesture Sensing Hovering Induction Children Gift Outdoor Toys",https://imgaz2.staticbg.com/thumb/gallery/oaupload/banggood/images/40/B0/69750824-16e4-4914-ab27-14c0cccad365.jpg,https://www.banggood.com/Mini-4CH-RC-Helicopter-With-LED-Light-Gesture-Sensing-Hovering-Induction-Children-Gift-Outdoor-Toys-reviews-p1853236.html,US$16.16,US$1.13,https://www.banggood.com/Mini-4CH-RC-Helicopter-With-LED-Light-Gesture-Sensing-Hovering-Induction-Children-Gift-Outdoor-Toys-p-1853236.html?p=JA280216647382201711&custlinkid=1809745
1856527,"JY8192 Camouflage Induction Levitation USB Charging Remote Control RC Helicopter for Children Outdoor Toys",https://imgaz2.staticbg.com/thumb/gallery/oaupload/banggood/images/0E/8F/948c6f46-78ab-4099-99e7-c677e659a5ca.jpeg,https://www.banggood.com/JY8192-Camouflage-Induction-Levitation-USB-Charging-Remote-Control-RC-Helicopter-for-Children-Outdoor-Toys-reviews-p1856527.html,US$11.54,US$0.81,https://www.banggood.com/JY8192-Camouflage-Induction-Levitation-USB-Charging-Remote-Control-RC-Helicopter-for-Children-Outdoor-Toys-p-1856527.html?p=JA280216647382201711&custlinkid=1809746
1857761,"4.5CH Electric RC Helicopter RTF One-key Side Fly One-key Automatic Cruise Lighting Control Outdoor Toys for Children",https://imgaz1.staticbg.com/thumb/gallery/oaupload/banggood/images/F6/DE/cc23e0d8-a1b9-4402-b860-73a833497d2b.jpg,https://www.banggood.com/4_5CH-Electric-RC-Helicopter-RTF-One-key-Side-Fly-One-key-Automatic-Cruise-Lighting-Control-Outdoor-Toys-for-Children-reviews-p1857761.html,"US$45.99 ~ US$50.99",US$3.72,https://www.banggood.com/4_5CH-Electric-RC-Helicopter-RTF-One-key-Side-Fly-One-key-Automatic-Cruise-Lighting-Control-Outdoor-Toys-for-Children-p-1857761.html?p=JA280216647382201711&custlinkid=1809747
1930857,"3.5CH 2.4G LED Light Alloy RC Helicopter RTF for Children Outdoor Toys",https://imgaz1.staticbg.com/thumb/gallery/oaupload/banggood/images/5A/68/0d152d2d-e793-4896-a2eb-cac10eccd367.png,https://www.banggood.com/3_5CH-2_4G-LED-Light-Alloy-RC-Helicopter-RTF-for-Children-Outdoor-Toys-reviews-p1930857.html,US$41.39,US$2.9,https://www.banggood.com/3_5CH-2_4G-LED-Light-Alloy-RC-Helicopter-RTF-for-Children-Outdoor-Toys-p-1930857.html?p=JA280216647382201711&custlinkid=1809748
